filename,width,height,class,xmin,ymin,xmax,ymax
WhatsApp-Video-2023-05-03-at-12-28-55_out0030_jpg.rf.f8a9e901b85f75cbcf3056c73dfea66a.jpg,640,640,minibus,121,132,610,416
2-13_jpg.rf.fc422ba328abccbe5e462d3c3458467f.jpg,640,640,minibus,108,190,599,484
nissan-vanette-van-10ade2e285_t_jpg.rf.f8c0ff40c8c30196c0c7707d271dd479.jpg,640,640,minibus,50,65,537,572
a-30-_png_jpg.rf.f9db36b4e07a25539c37bf5c95424404.jpg,640,640,minibus,67,160,632,500
LBNP3KTAUNAE_jpg.rf.fc229b946d694cd3d68dcad500b52807.jpg,640,640,minibus,47,201,589,590
a-168-_png_jpg.rf.fd1bea68879c0e3926dbd830bc02dfa8.jpg,640,640,minibus,36,116,619,518
0F8ANW8LQ21J_jpg.rf.f9db40783e875e61fbe3d1926147dcc5.jpg,640,640,minibus,109,86,640,640
LIP7EUPJUB2J_jpg.rf.fb12ce8450e6ab48712422f53e4f7f85.jpg,640,640,minibus,102,164,598,526
a-344-_png_jpg.rf.fcad5d85ef47121af31896735e95d58b.jpg,640,640,minibus,73,82,640,554
a-58-_png_jpg.rf.f9b6e18b9b546e751d1eaf2a523dde23.jpg,640,640,minibus,28,171,610,480
5P2APPAJ5MIW_jpg.rf.fad718f9e865eac2f6588105f5af9977.jpg,640,640,minibus,67,43,513,534
images-13-_jpg.rf.f8f359a8f46daaade4286c6189712c30.jpg,640,640,minibus,203,113,605,582
0V47CAFUYUS7_jpg.rf.f8a38fc92b1a14560cb8da5bb9539392.jpg,640,640,minibus,66,50,468,456
r13rdc2r33cwdqztnzp5asoy6c683eng_jpg.rf.f8b8559a7cc0c3461d025d919236c95b.jpg,640,640,minibus,177,29,527,515
44BHEXK4NCQV_jpg.rf.fcab875e78afb4bcc2c7703c0aeef22f.jpg,640,640,minibus,2,222,384,481
7QS3YCGOB0FH_jpg.rf.fb16506a191490f350936244dfde1aac.jpg,640,640,minibus,58,117,566,595
a-30-_png_jpg.rf.faddeef7d2eb79b6e9ac1978fc878d53.jpg,640,640,minibus,67,160,632,500
9L2RL75QFP5D_jpg.rf.fa52d82debe3f78075d771986ef413c6.jpg,640,640,minibus,0,0,640,624
a-30-_png_jpg.rf.f8df892d226ff73fd77d1fe1e334e7b3.jpg,640,640,minibus,67,160,632,500
S4XT3E90OL46_jpg.rf.fbdd877a7dcd192326591c7b3c36b4c2.jpg,640,640,minibus,47,0,594,640
WhatsApp-Video-2023-05-06-at-08-25-26_out0030_jpg.rf.fd66b447dcfd37f76d1b988a13d431ac.jpg,640,640,minibus,538,210,640,405
images-15-_jpg.rf.fde800cf882c5a62db77fa6735489e67.jpg,640,640,minibus,194,136,360,451
19YTRSHVQYWN_jpg.rf.fdfa3e905c6ea95fc1352bfd21de141a.jpg,640,640,minibus,86,188,584,503
53Y9W6K1LUAG_jpg.rf.fe6d664485123ba70c3b8f055892ed7f.jpg,640,640,minibus,274,114,601,467
WhatsApp-Image-2023-05-06-at-14-42-42_jpeg_jpg.rf.fe2159ad87a7d1843093cfb1129bc0d6.jpg,640,640,minibus,188,270,540,472
a-343-_png_jpg.rf.feff86c15173000073923ab4a80d8c65.jpg,640,640,minibus,116,185,468,464
DSMRG7I1VHCB_jpg.rf.ff1fc62da44aa23c8f5319eb8229a486.jpg,640,640,minibus,133,86,563,565
download-2-_jpg.rf.fecfc530e2953345d09aa142b80206ea.jpg,640,640,minibus,118,2,383,609
download-2-_jpg.rf.fecfc530e2953345d09aa142b80206ea.jpg,640,640,minibus,462,262,615,457
L9AGCU8HY886_jpg.rf.febf6071138611778b0b3216ae56f17f.jpg,640,640,minibus,20,104,543,491
WhatsApp-Video-2023-05-03-at-12-29-37_out0062_jpg.rf.788e6025c51e907bb4c664bb154fae3b.jpg,640,640,minibus,26,0,639,520
0V47CAFUYUS7_jpg.rf.78711e4f91812ea05e5353510b8a5faa.jpg,640,640,minibus,66,50,468,456
WhatsApp-Video-2023-05-03-at-12-28-55_out0037_jpg.rf.79792199891f57f0c75bcf8bd7a58456.jpg,640,640,minibus,167,165,631,425
a-51-_png_jpg.rf.7deb326ac6cc366bccfb254fbde20769.jpg,640,640,minibus,65,128,608,526
a-79-_png_jpg.rf.7c3ec8c9ecad0c49186320fb1456c2f7.jpg,640,640,minibus,19,199,611,491
0BU4DWW4IW97_jpg.rf.7afe0bbda3f63ebcf72b74cd6b5f2989.jpg,640,640,minibus,11,14,606,580
WhatsApp-Image-2023-05-06-at-14-41-28-1-_jpeg_jpg.rf.7a7a3b3fc66cbebe5196a6d6f55cb61c.jpg,640,640,minibus,264,292,423,408
maxresdefault-2-_jpg.rf.7d2a0007148bc0473777f4df877a7861.jpg,640,640,minibus,0,54,577,595
9YXEOW95YHCX_jpg.rf.7bc6b5f0e5eb9dd33402e491fe362c48.jpg,640,640,minibus,141,60,518,566
a-234-_png_jpg.rf.7cc83187fc285d7b0d40be7bdd102f4b.jpg,640,640,minibus,63,177,567,499
a-168-_png_jpg.rf.7ce4686a9c6072563ad222b3cadede15.jpg,640,640,minibus,36,116,619,518
WhatsApp-Video-2023-05-03-at-12-29-37_out0078_jpg.rf.7960311792148af8caed0b71ff2d0456.jpg,640,640,minibus,54,11,640,582
maxresdefault-2-_jpg.rf.783074717d17f02760072e888d10bca5.jpg,640,640,minibus,0,54,577,595
a-104-_png_jpg.rf.7a23f5eae69cc998daa538d77c642dd7.jpg,640,640,minibus,180,164,486,481
WhatsApp-Video-2023-05-03-at-12-28-55_out0037_jpg.rf.7c27466cf9832ef17713182532682451.jpg,640,640,minibus,167,165,631,425
WhatsApp-Video-2023-05-03-at-12-29-37_out0043_jpg.rf.7d38b00fe1d0b4e05cd1d689fe7cd909.jpg,640,640,minibus,15,18,640,511
44P3WC6MUBB9_jpg.rf.79eac0d07e3c6a20bd6819c49e093608.jpg,640,640,minibus,90,0,553,572
85S225UQE5SO_jpg.rf.7beeefe0d8f404836bac4f2f4c13a32b.jpg,640,640,minibus,31,185,515,594
maxresdefault-1-_jpg.rf.7bc29d5e2104617c8d3ecca96e6d8d5a.jpg,640,640,minibus,137,148,591,564
a-121-_png_jpg.rf.7b7185850366bb891c35a82c6924b981.jpg,640,640,minibus,83,118,615,534
a-58-_png_jpg.rf.7d6e50821e00e59b2110132740556f77.jpg,640,640,minibus,28,171,610,480
4UED7FLYU03T_jpg.rf.7baeaf3d8c0124c801f58ec40085baa6.jpg,640,640,minibus,102,201,399,501
WhatsApp-Image-2023-05-06-at-14-34-58_jpeg_jpg.rf.7bfa85e7a27bcaf30cefaf43e0d18352.jpg,640,640,minibus,266,288,464,384
WhatsApp-Video-2023-05-03-at-12-29-37_out0009_jpg.rf.7e1a0127a9dbcbca467cab24e4b6bfaf.jpg,640,640,minibus,21,20,640,453
5JC8SWGWIH5V_jpg.rf.7d650d6894f650f75ef14e19a9dc9fc5.jpg,640,640,minibus,124,317,411,546
WhatsApp-Image-2023-05-06-at-14-25-41_jpeg_jpg.rf.7e78c6a43bea63a863ecc05d6ba381ba.jpg,640,640,minibus,287,378,347,438
a-344-_png_jpg.rf.7e7b0150bf3f9ab23d672c8bf4f80841.jpg,640,640,minibus,73,82,640,554
WhatsApp-Video-2023-05-05-at-16-45-16_out0012_jpg.rf.7e2f13d360e8b405aa2bf8eb5609a2d2.jpg,640,640,minibus,206,171,360,276
DWR2E66L6WMN_jpg.rf.812fa4bb8eba67146addb9acf66264fa.jpg,640,640,minibus,46,169,547,597
5L3AB2HFCJ7D_jpg.rf.8115054a176afeb062a252500e215a77.jpg,640,640,minibus,109,149,546,574
a-148-_png_jpg.rf.804ec8acd3e01e8273996a33f1a5abbc.jpg,640,640,minibus,26,80,597,542
WhatsApp-Image-2023-05-06-at-14-35-05-1-_jpeg_jpg.rf.81a6e1991a7285446fb21820281c7e6b.jpg,640,640,minibus,148,288,333,450
a-115-_png_jpg.rf.8171c3bc1252e3f532323815e335b831.jpg,640,640,minibus,46,231,604,511
NFGV2XEDBVT6_jpg.rf.7ff1336a38022e80e708ad40095aa6af.jpg,640,640,minibus,9,20,358,546
a-159-_png_jpg.rf.7e714dd78cb1fdb4256c4daf234c54c6.jpg,640,640,minibus,26,108,631,456
WhatsApp-Video-2023-05-03-at-12-28-55_out0009_jpg.rf.7eb8d27dde96716bca8d7961bc4e6901.jpg,640,640,minibus,169,182,603,455
a-106-_png_jpg.rf.81ad82fe323eb78570bb23d7b45cb629.jpg,640,640,minibus,42,129,609,501
a-237-_png_jpg.rf.803a9f953a22e4fe38560f6ba2c1f34c.jpg,640,640,minibus,5,108,636,526
7ZN1CTC8K9OW_jpg.rf.7ffc2c581b790dee59f17c6700df63b2.jpg,640,640,minibus,59,154,460,500
L1B0KZX6RHOT_jpg.rf.7f5d8d6ad8f46d2f311e955eb98fd104.jpg,640,640,minibus,0,32,640,449
a-287-_png_jpg.rf.8072fd048cdb55382adb69060353281f.jpg,640,640,minibus,96,143,541,492
AEVALRGKT8DL_jpg.rf.7f883ff91df9ffbe272ceeb114551671.jpg,640,640,minibus,21,0,421,633
M3K6LB62L1RD_jpg.rf.8307e3d65fba7fa8082c8eda951705bc.jpg,640,640,minibus,1,1,640,639
6H39OPHCXA11_jpg.rf.80a6ed28f07a63cf4a842589797bb4f9.jpg,640,640,minibus,35,63,613,611
WhatsApp-Image-2023-05-06-at-14-25-37_jpeg_jpg.rf.830a379802253b5bfd57d6bf36135199.jpg,640,640,minibus,246,265,432,446
a-47-_png_jpg.rf.84a0deb2377dac157465f4d357084315.jpg,640,640,minibus,41,169,612,470
1WG3SG8D5LA7_jpg.rf.84a4aac56ddfe6cf9dfa33ea9e674835.jpg,640,640,minibus,10,56,604,561
BB5KHBJJYC57_jpg.rf.85d9c63c4e09d7a7311d997459ff7360.jpg,640,640,minibus,8,19,578,613
a-280-_png_jpg.rf.84af60e6ce1c3de783ab9361029b7278.jpg,640,640,minibus,66,137,569,509
WhatsApp-Video-2023-05-03-at-12-28-55_out0038_jpg.rf.8159c2c352113a964d48ed8f2744829c.jpg,640,640,minibus,192,171,637,430
WhatsApp-Video-2023-05-06-at-08-25-26_out0003_jpg.rf.80f850d1e496589a68d3f0451cba12c7.jpg,640,640,minibus,142,0,337,135
a-144-_png_jpg.rf.8206f3598a2dc12d1af03c7960845316.jpg,640,640,minibus,100,83,558,547
4X997LGYFHC5_jpg.rf.815b259b86090b63fe4c1af709970ca7.jpg,640,640,minibus,40,203,583,395
5B211Z5816I2_jpg.rf.869375175c9bb0c6d22de734b01b5e94.jpg,640,640,minibus,0,0,640,640
WhatsApp-Image-2023-05-06-at-14-34-56_jpeg_jpg.rf.8629146161bbbe5eacacb233b43576b6.jpg,640,640,minibus,178,248,381,396
4ZT40JHRZGTV_jpg.rf.8719642955238206aae9fab8d77a0e6d.jpg,640,640,minibus,180,250,640,586
WhatsApp-Image-2023-05-06-at-14-25-32_jpeg_jpg.rf.87a015c4a23828b9016d3af8d646bfd1.jpg,640,640,minibus,216,317,585,540
a-286-_png_jpg.rf.8632fe2b346882acd4a106a21054c87e.jpg,640,640,minibus,34,102,601,531
1280px-NISSAN_VANETTE_VAN_GL_jpg.rf.8793409b7ef095ba7fc5dd4e4d7104f5.jpg,640,640,minibus,81,28,557,526
PARGMONCE13Q_jpg.rf.880641a62be52066dfab8f9c41be2b02.jpg,640,640,minibus,75,115,596,588
a-318-_png_jpg.rf.86d74db1b53f079695c88ff8ea71d74e.jpg,640,640,minibus,130,240,556,485
WhatsApp-Image-2023-05-06-at-14-44-20-5-Copy_jpeg_jpg.rf.876e30f265afe8c7178d61a577103a73.jpg,640,640,minibus,282,137,509,338
WhatsApp-Image-2023-05-06-at-14-25-35-2-_jpeg_jpg.rf.890294be5f97adeb9cf2d4f293e2c160.jpg,640,640,minibus,266,358,361,439
3LT7NKDC0FA6_jpg.rf.8692ebbe16913673354320761ba6a6bf.jpg,640,640,minibus,84,117,609,558
a-261-_png_jpg.rf.8a316d3b30daebe0cd2a016a6b0671e1.jpg,640,640,minibus,25,74,598,547
1K09IFT3VBCX_jpg.rf.87c799506c1ddbdea01ec1b444a47f01.jpg,640,640,minibus,105,206,552,567
a-396-_png_jpg.rf.86086a05b5ab82388eb30f22c5ea226a.jpg,640,640,minibus,50,111,559,563
WhatsApp-Video-2023-05-06-at-08-25-26_out0034_jpg.rf.885fc9d5153fdc93a1058c24416b047d.jpg,640,640,minibus,291,174,494,329
a-363-_png_jpg.rf.8ab34cf0b3054cceb378a0b1474e6d66.jpg,640,640,minibus,84,138,574,499
5BY27DK4ARER_jpg.rf.87f09b0f1e68691faa321a4c59fbcb68.jpg,640,640,minibus,114,117,506,467
4UED7FLYU03T_jpg.rf.88a34bd76f408e9780ccb3628528571f.jpg,640,640,minibus,102,201,399,501
WhatsApp-Image-2023-05-06-at-14-34-53_jpeg_jpg.rf.89478e17c9e887bfe8a60bdf4e2a13dd.jpg,640,640,minibus,157,246,348,388
JCWRVXJSA3BY_jpg.rf.8a41314b6fef6a9af13213fd09bd4726.jpg,640,640,minibus,58,0,606,620
B5SDXW094UMI_jpg.rf.87632dc3bc8286b3859b91636b7971c7.jpg,640,640,minibus,215,201,462,454
FHMO2SSPC6J6_jpg.rf.89b53cb75b0d0528f643f07b23315eef.jpg,640,640,minibus,97,243,388,622
WhatsApp-Video-2023-05-06-at-08-25-26_out0034_jpg.rf.89497f8594667e878fcacb4fdb07939f.jpg,640,640,minibus,291,174,494,329
RGHXEZ9BZVT7_jpg.rf.86a102b0b5d6192b85a3ff5f0a31e0eb.jpg,640,640,minibus,28,226,626,585
AEVALRGKT8DL_jpg.rf.8aeebc1905142a34eb27a28cdca595d4.jpg,640,640,minibus,21,0,421,633
7623CO9ZBBQC_jpg.rf.8be5cbb60918a563fc778ed94cb776dd.jpg,640,640,minibus,86,123,548,568
I2D2SQD7TX6J_jpg.rf.8af6fec07dabf03bad1ae4e6c9eea8f2.jpg,640,640,minibus,8,124,601,552
a-163-_png_jpg.rf.8c6771105ab444851cee9392a30780a5.jpg,640,640,minibus,46,199,604,498
WhatsApp-Video-2023-05-03-at-12-29-37_out0086_jpg.rf.8c84f664a1120ea259b993db64158962.jpg,640,640,minibus,67,38,640,502
WhatsApp-Video-2023-05-03-at-12-29-37_out0090_jpg.rf.8db21ac18ddc4a5af43b9c5a00fd3b6a.jpg,640,640,minibus,72,5,640,481
6H39OPHCXA11_jpg.rf.8e309aa1bbd5d520a4313639de5c018e.jpg,640,640,minibus,35,63,613,611
NOMTUO7SBTFX_jpg.rf.8e2ee84c44053abd18924967d3f5bc87.jpg,640,640,minibus,58,123,579,470
a-144-_png_jpg.rf.8d6e31efb31d38c4bacd635e5a43f97c.jpg,640,640,minibus,100,83,558,547
WhatsApp-Video-2023-05-03-at-12-29-37_out0083_jpg.rf.8b0a9bc771c1d7a0a7564132eeef49c5.jpg,640,640,minibus,68,38,640,550
4RJPNS885ENF_jpg.rf.8efeb272b43d665b8ba4b42bc171d6f7.jpg,640,640,minibus,0,143,640,601
WhatsApp-Image-2023-05-06-at-14-25-35_jpeg_jpg.rf.8c6cb2452d4bb2579b4524dc92026e04.jpg,640,640,minibus,0,304,569,610
7ZN1CTC8K9OW_jpg.rf.8e5e5daff7416b968d5c1349d8df6455.jpg,640,640,minibus,59,154,460,500
a-169-_png_jpg.rf.8c96f95e93547884b90722f890b83f0d.jpg,640,640,minibus,63,97,609,526
a-379-_png_jpg.rf.8fa7e609fb4d4bfd9fa46ed72ce346df.jpg,640,640,minibus,173,161,492,530
WhatsApp-Image-2023-05-06-at-14-25-37_jpeg_jpg.rf.8f11e98710daaf828a227df0c7132aca.jpg,640,640,minibus,246,265,432,446
WhatsApp-Video-2023-05-05-at-16-45-16_out0028_jpg.rf.8b64ac58496167602e9c258f1f2f2503.jpg,640,640,minibus,234,104,464,264
GISQLG5TE6FN_jpg.rf.8e421253d5be2b0fd239ca48397531e9.jpg,640,640,minibus,225,472,314,607
7RV55Q7S3BUW_jpg.rf.8ceb0292e09dd3f4d6e3486e00245dab.jpg,640,640,minibus,70,120,567,559
WhatsApp-Image-2023-05-06-at-14-25-39_jpeg_jpg.rf.8e6ed1a5dc2b931603142f8f2d97e1b7.jpg,640,640,minibus,177,306,240,381
WhatsApp-Video-2023-05-03-at-12-29-37_out0009_jpg.rf.8f93a315b033900e21e553551dd75e1c.jpg,640,640,minibus,21,20,640,453
a-234-_png_jpg.rf.8e860f42dc203feb16040ed422eb2b7e.jpg,640,640,minibus,63,177,567,499
WhatsApp-Video-2023-05-05-at-16-45-16_out0022_jpg.rf.9007d3870a89a70a2f76499815a09119.jpg,640,640,minibus,225,115,416,257
431CRS2K0WA4_jpg.rf.8c7005672ef1ca4479b055668b324f55.jpg,640,640,minibus,24,88,618,551
AK_BlueC22NissanVanetteB_IG_jpg.rf.91479818300a5c394f152991424fbf90.jpg,640,640,minibus,63,204,577,558
WhatsApp-Image-2023-05-06-at-14-25-32_jpeg_jpg.rf.8d1189e4f8436458dd4b4f18cab03d60.jpg,640,640,minibus,216,317,585,540
a-286-_png_jpg.rf.902837d47eebc28e464e815118ee0ae2.jpg,640,640,minibus,34,102,601,531
P2T1VN8C4M3O_jpg.rf.908c42d1e22772cbc4ff49496ed69a81.jpg,640,640,minibus,18,111,606,517
a-364-_png_jpg.rf.8e69c96b8ba3a54ac18d441543265409.jpg,640,640,minibus,154,106,522,474
download-4-_jpg.rf.91f0509a0e6ddc5fc68c0304d449ebc0.jpg,640,640,minibus,81,69,482,540
50PLZ078YMEL_jpg.rf.916b025ba4c9f031c187f72d609f4a64.jpg,640,640,minibus,64,121,590,557
WhatsApp-Video-2023-05-03-at-12-29-37_out0078_jpg.rf.91fcfc15a75f9b9465a7bc228d557f58.jpg,640,640,minibus,54,11,640,582
WhatsApp-Video-2023-05-05-at-16-45-16_out0008_jpg.rf.9245084b8cc03da39cd468c3ce0ecd94.jpg,640,640,minibus,230,145,400,269
WhatsApp-Video-2023-05-05-at-16-45-16_out0008_jpg.rf.96260a82a93a8421bd83a0961f977164.jpg,640,640,minibus,230,145,400,269
5UVV3N5DB722_jpg.rf.925ab46c8b3afb218eaf6f05f56043a3.jpg,640,640,minibus,31,6,556,608
WhatsApp-Image-2023-05-06-at-14-25-32-1-_jpeg_jpg.rf.94da8d163d025878e1712effd6f1561f.jpg,640,640,minibus,224,313,329,408
6NWZH6P8AR1J_jpg.rf.95d21b51f84c268ccb18378c4d8a50fb.jpg,640,640,minibus,90,122,554,486
2FOS1ZRMRW90_jpg.rf.9235e597e9f91c35e0abd38801945e87.jpg,640,640,minibus,13,218,532,612
WhatsApp-Image-2023-05-06-at-14-25-35-2-_jpeg_jpg.rf.937d47421c91ab31d48429768285954c.jpg,640,640,minibus,266,358,361,439
2NKQ4OPJK1H0_jpg.rf.939791f58cbadf932f8ce57ca7d3e728.jpg,640,640,minibus,88,69,441,505
WhatsApp-Video-2023-05-03-at-12-29-37_out0043_jpg.rf.967b6b63534aeac375a513881aa224bc.jpg,640,640,minibus,15,18,640,511
S4XT3E90OL46_jpg.rf.9440159389f4ac3c24fccf499f0b62ef.jpg,640,640,minibus,47,0,594,640
a-320-_png_jpg.rf.96ddcb902a97b4bcade9e1a181c0d199.jpg,640,640,minibus,49,99,611,515
WhatsApp-Video-2023-05-03-at-12-29-37_out0090_jpg.rf.9609ddd600c7fd959b75a12f84258f40.jpg,640,640,minibus,72,5,640,481
LI29A5EQAYF4_jpg.rf.93383c94269a8096da1b16f563b4884d.jpg,640,640,minibus,84,152,574,582
7XR977L5IF0S_jpg.rf.9680f707ef09603c1aba0aeed3d0ddb6.jpg,640,640,minibus,145,174,518,555
1U7ALX12A8VU_jpg.rf.96765db301746c7299de2743785f479c.jpg,640,640,minibus,41,135,574,597
a-165-_png_jpg.rf.94fbb5d5ac7173776f024a04e42d3787.jpg,640,640,minibus,95,174,564,483
9YXEOW95YHCX_jpg.rf.97c1821eea9fa7b55e1e183a09fc5cd5.jpg,640,640,minibus,141,60,518,566
a-345-_png_jpg.rf.92f9878f1341fd9ea134982354cc3fcf.jpg,640,640,minibus,80,181,594,420
3LT7NKDC0FA6_jpg.rf.9303c7147c55f3d800e31dc4c10468d7.jpg,640,640,minibus,84,117,609,558
WhatsApp-Image-2023-05-06-at-14-26-09-2-_jpeg_jpg.rf.92c28c772a49de56b23e89430b1718bd.jpg,640,640,minibus,283,265,461,385
WhatsApp-Video-2023-05-06-at-08-25-26_out0037_jpg.rf.981ec3bfcaad42394dcc8bd1c0c341e8.jpg,640,640,minibus,409,0,640,166
5W0SG7MP3M0N_jpg.rf.97c6f33df10a255668851c403c74ee68.jpg,640,640,minibus,45,25,618,606
31X7METPKNFL_jpg.rf.974852654870ba2eac9aef913cac7256.jpg,640,640,minibus,2,38,640,619
5Q2PI549YJ14_jpg.rf.971a0f281625ba176bb385a0dc8fd947.jpg,640,640,minibus,25,147,600,503
5DNVAQI0OXU5_jpg.rf.985cbf354de99acb304cb89046558835.jpg,640,640,minibus,0,0,367,391
a-362-_png_jpg.rf.95c52bf0442c01ed4348aa778115a3ab.jpg,640,640,minibus,71,104,587,523
WhatsApp-Video-2023-05-05-at-16-45-16_out0022_jpg.rf.981f77bc81efefdff6bc00c68c5419c2.jpg,640,640,minibus,225,115,416,257
0TL8UUS03P7J_jpg.rf.98c1eb3057a6b4b538bdaafa6f83b331.jpg,640,640,minibus,22,205,626,556
5P2APPAJ5MIW_jpg.rf.98c672627a8d534b9808b45de0c86aae.jpg,640,640,minibus,67,43,513,534
a-96-_png_jpg.rf.9aab775a4f4711ed5a373049fc6913a1.jpg,640,640,minibus,62,132,598,511
AK_BlueC22NissanVanetteB_IG_jpg.rf.98601eaf3592f345b41d425907aed502.jpg,640,640,minibus,63,204,577,558
LTOGCDMUH8RV_jpg.rf.98bdd2282a3640ef8dfcf6ef7f589dd9.jpg,640,640,minibus,29,24,633,600
WhatsApp-Image-2023-05-06-at-14-44-20-3-Copy_jpeg_jpg.rf.992ca968e00a2224a35a9ff3acb79d80.jpg,640,640,minibus,209,167,478,405
8YP6684OT9GZ_jpg.rf.9ac6fd3eebb21d55b202643894a3bc6a.jpg,640,640,minibus,30,118,615,545
WhatsApp-Image-2023-05-06-at-14-25-32_jpeg_jpg.rf.98b15d9b7c0303eed527cc1716293618.jpg,640,640,minibus,216,317,585,540
a-296-_png_jpg.rf.992aaf86a13dcb907ed068a238011650.jpg,640,640,minibus,104,151,558,477
764QCCUIS8EW_jpg.rf.9b9f466466a3ed9712b5ae89b4063477.jpg,640,640,minibus,64,203,569,572
images-123_jpg.rf.9a727fb9d6b5eab88dbe785be7bfade7.jpg,640,640,minibus,179,52,462,503
nissan-vanette-van-10ade2e285_t_jpg.rf.9b5532bdc49caec37b9b7cf6f85b8be6.jpg,640,640,minibus,50,65,537,572
1ONYAD2119XP_jpg.rf.9c5d9b8ac61704d1a5e27708e289b945.jpg,640,640,minibus,90,135,623,629
2-13_jpg.rf.9b6cdf9b2d4193aa9ef9356b737c3a2e.jpg,640,640,minibus,108,190,599,484
3LT7NKDC0FA6_jpg.rf.9d33667005e449f7bd8c03efa6871863.jpg,640,640,minibus,84,117,609,558
1ONYAD2119XP_jpg.rf.9c079029552921038ff0bc6fadf30edb.jpg,640,640,minibus,90,135,623,629
a-345-_png_jpg.rf.9c1fe79e74305e28e1591911d160334a.jpg,640,640,minibus,80,181,594,420
7623CO9ZBBQC_jpg.rf.9c9da62826669b43b70d6eba81a08389.jpg,640,640,minibus,86,123,548,568
93J7CJZKKN8F_jpg.rf.9e20d4bb2a836b06dbae8f326fc7d959.jpg,640,640,minibus,10,12,640,640
L1B0KZX6RHOT_jpg.rf.9e29c8a886cb33db6f7a785991fa8875.jpg,640,640,minibus,0,32,640,449
44NCOQ7OCXJQ_jpg.rf.9ce019bcd65f7419800d56d00fbc84a4.jpg,640,640,minibus,0,121,640,591
6J9L3H8I24DE_jpg.rf.9db744d3713ffead829980b7426a53e0.jpg,640,640,minibus,87,246,597,454
C5K3E8SD2CAN_jpg.rf.9df581f066c568262f38c6eeb02224bf.jpg,640,640,minibus,0,0,640,640
WhatsApp-Image-2023-05-06-at-14-35-09_jpeg_jpg.rf.9cee8ebb839688fc2df0e8a727f18d06.jpg,640,640,minibus,210,246,512,427
r13rdc2r33cwdqztnzp5asoy6c683eng_jpg.rf.9bb03dfa08ddfca63e910b65f2e65217.jpg,640,640,minibus,177,29,527,515
IM03SGIY6U91_jpg.rf.9d753dca31bf2ac19fb509c1d8f7bef7.jpg,640,640,minibus,43,76,628,514
WhatsApp-Video-2023-05-03-at-12-29-37_out0076_jpg.rf.9fc5f191e9f4376b9f812539f51b43a5.jpg,640,640,minibus,155,12,640,499
WhatsApp-Video-2023-05-05-at-16-45-16_out0022_jpg.rf.9f7a4fdf5281e814e4786853bd2fc28e.jpg,640,640,minibus,225,115,416,257
AEVALRGKT8DL_jpg.rf.a04aacc3fabb9a1b9bbf596c40c77786.jpg,640,640,minibus,21,0,421,633
93QX8ZO0YK54_jpg.rf.9ecafc9bcd8b260ff782432111ea1afc.jpg,640,640,minibus,179,164,640,607
WhatsApp-Video-2023-05-05-at-16-45-16_out0012_jpg.rf.a26073f4ceaf824f8beeb0996d0688e8.jpg,640,640,minibus,206,171,360,276
44NCOQ7OCXJQ_jpg.rf.a0ebfebcc4d3d3d9fa2de62c5a1084ab.jpg,640,640,minibus,0,121,640,591
a-346-_png_jpg.rf.a0ffe54a54cb6ec8a597da6e6aa331c7.jpg,640,640,minibus,22,135,630,560
WhatsApp-Video-2023-05-03-at-12-29-37_out0019_jpg.rf.a1aea0fbc2ab3383df67cc9bee2deaa3.jpg,640,640,minibus,62,34,640,459
01_jpg.rf.a361543d5f936bfbd032ceb580d902ed.jpg,640,640,minibus,97,66,558,513
KMP146XE1EJ6_jpg.rf.a1a7dd6bf159c7fc16a8401fa575f8e5.jpg,640,640,minibus,57,72,529,578
WhatsApp-Image-2023-05-06-at-14-41-28-1-_jpeg_jpg.rf.a217b74c6b459f27f5b1e4dfce0473aa.jpg,640,640,minibus,264,292,423,408
a-226-_png_jpg.rf.a347fa42ae7fd23c1e7b1783541b176b.jpg,640,640,minibus,63,145,567,465
WhatsApp-Video-2023-05-05-at-16-45-16_out0015_jpg.rf.a247f6e8642ed2073372e52084ecfa31.jpg,640,640,minibus,164,170,343,286
a-64-_png_jpg.rf.9f2380710dfafc2b0b4af6915d5ec5ae.jpg,640,640,minibus,55,94,587,489
WhatsApp-Image-2023-05-06-at-14-35-04-1-_jpeg_jpg.rf.a3346cac437f051e711f1ddf383e5b97.jpg,640,640,minibus,76,219,423,498
a-165-_png_jpg.rf.a18f7ee2ba138df9d734917ce3423288.jpg,640,640,minibus,95,174,564,483
95XE42AKWJQK_jpg.rf.a1da7dca23147c0612f730fc4c07366a.jpg,640,640,minibus,139,14,580,628
01_jpg.rf.a2973611e0f7db401637297055247b88.jpg,640,640,minibus,97,66,558,513
WhatsApp-Video-2023-05-03-at-12-29-37_out0012_jpg.rf.a5a8e601efb9004810ef474e58addcdf.jpg,640,640,minibus,5,31,640,433
F7752EOWKL43_jpg.rf.a08d53560103e7ac8a180876c1f87c00.jpg,640,640,minibus,116,73,640,488
a-190-_png_jpg.rf.a25320c216e83bef082637864ff2cf52.jpg,640,640,minibus,86,105,625,500
a-113-_png_jpg.rf.a4cde22a78d7abec37fa73dd6d749c1b.jpg,640,640,minibus,163,131,521,508
BXD958079KCF_jpg.rf.9ff026544a46950e126a9ee5666d86eb.jpg,640,640,minibus,46,0,574,640
0F8ANW8LQ21J_jpg.rf.a6f9c3e5d21b13b4081ba053e793e833.jpg,640,640,minibus,109,86,640,640
WhatsApp-Image-2023-05-06-at-14-44-20-1-Copy_jpeg_jpg.rf.a6637b2ceabdb2b13dddd2e76f7482d3.jpg,640,640,minibus,42,171,528,527
44BHEXK4NCQV_jpg.rf.a70aae18d2d198062e97e106db293d7e.jpg,640,640,minibus,2,222,384,481
WhatsApp-Image-2023-05-06-at-14-25-41_jpeg_jpg.rf.a6f4507beef4b2a1af1ca277621e809f.jpg,640,640,minibus,287,378,347,438
a-162-_png_jpg.rf.a7474d31898a812874d4df8b900dd279.jpg,640,640,minibus,1,182,561,537
1CRG8HIGIHJ7_jpg.rf.a8688c751c826e811a636e570bcbba24.jpg,640,640,minibus,70,159,399,452
a-364-_png_jpg.rf.a7c71ca568974f83f7efafbd90389e8e.jpg,640,640,minibus,154,106,522,474
a-151-_png_jpg.rf.a919e455ea7fb14eb144badeddd1798f.jpg,640,640,minibus,49,98,590,541
a-364-_png_jpg.rf.a78a24d769e6cf61169b7471d5cde6b1.jpg,640,640,minibus,154,106,522,474
JRBWVRVDKIAU_jpg.rf.a8a065374a5c2c2d8132cfd0a43e02bc.jpg,640,640,minibus,174,0,640,425
a-169-_png_jpg.rf.aa54f548a172f9f8018623afb809586f.jpg,640,640,minibus,63,97,609,526
637592036302885250_jpg.rf.aa30f2925d244aae0e686ddd5b7bcfd2.jpg,640,640,minibus,168,96,502,493
DSMRG7I1VHCB_jpg.rf.a8c41597c248a12bf55d4fbb2e1b98ef.jpg,640,640,minibus,133,86,563,565
6J9L3H8I24DE_jpg.rf.a7ed7e7c2b96245e1e406e119d1ab030.jpg,640,640,minibus,87,246,597,454
1CRG8HIGIHJ7_jpg.rf.a7903fa0b2fd81c4477d692f501c8bed.jpg,640,640,minibus,70,159,399,452
images-4-_jpg.rf.a95b10e4db66f930425867a404d3d023.jpg,640,640,minibus,259,177,447,520
3IZ8ALPAIHZ2_jpg.rf.ab844adf7daa812c2704e3da6bbdd5a4.jpg,640,640,minibus,174,177,510,460
a-36-_png_jpg.rf.ab28c32daca7fd6045c7afc8b055fa49.jpg,640,640,minibus,49,158,592,555
WhatsApp-Video-2023-05-05-at-16-45-16_out0019_jpg.rf.abd7f0b6a4c55d3e523a2d7062952677.jpg,640,640,minibus,179,147,377,282
a-381-_png_jpg.rf.aaade6e6c93895eb6dfe3175514b19c3.jpg,640,640,minibus,126,88,507,497
NISSAN_VANETTE_VAN_rear_jpg.rf.a9fe5922c5296321ce3a4f2513e71492.jpg,640,640,minibus,86,43,590,571
a-185-_png_jpg.rf.aa5ebc9c31df8cafc3aa8e51b0bf1c8d.jpg,640,640,minibus,68,143,545,476
a-195-_png_jpg.rf.ab09115301c3faf5030619c395aa692a.jpg,640,640,minibus,91,79,567,526
a-287-_png_jpg.rf.aa86afc84f3e3d6a1a5f103761e4d670.jpg,640,640,minibus,96,143,541,492
a-188-_png_jpg.rf.ae27cea12827f488ee4a577b9a43aed6.jpg,640,640,minibus,74,146,557,509
35JT1LK7QQQD_jpg.rf.ad4b4cbcf911f8884aed76619021ab47.jpg,640,640,minibus,29,42,596,597
WhatsApp-Image-2023-05-06-at-14-35-05-1-_jpeg_jpg.rf.ad7cfe8eb8ee2428c53f4c1e3c43ef6a.jpg,640,640,minibus,148,288,333,450
WhatsApp-Video-2023-05-03-at-12-28-55_out0030_jpg.rf.ac2bb7ad00f5773a4c406ad0082168bf.jpg,640,640,minibus,121,132,610,416
62X1Y81A3OB9_jpg.rf.ae92017edd25f19619243dbd8afd3263.jpg,640,640,minibus,1,18,640,640
KU3T1ZUOPZ91_jpg.rf.add741f436eff2eff5803c979e9407a5.jpg,640,640,minibus,7,0,640,587
PKCAIXGEPXLY_jpg.rf.aec52e71aaa422b673cbd1db01667f2d.jpg,640,640,minibus,270,244,489,550
5DNVAQI0OXU5_jpg.rf.ae961c359a422d9df04b974c5d0eb95e.jpg,640,640,minibus,0,0,367,391
WhatsApp-Video-2023-05-03-at-12-28-55_out0030_jpg.rf.af2141edecc6632f17480fdec0f95864.jpg,640,640,minibus,121,132,610,416
0FE6TRPCU3PC_jpg.rf.ada048973639fef7f3a1e3acda017d0d.jpg,640,640,minibus,97,353,526,598
L9AGCU8HY886_jpg.rf.afb62cb99aefefc05d54a013a6ed5567.jpg,640,640,minibus,20,104,543,491
a-202-_png_jpg.rf.afa6e79d30e16c67abe1c620a094b707.jpg,640,640,minibus,36,92,511,546
95MDX99PB4BV_jpg.rf.b0982a9ab720ab4e9bc12eb972c18991.jpg,640,640,minibus,94,0,640,640
a-296-_png_jpg.rf.afad885d016d97db9034b4789dbc0ec7.jpg,640,640,minibus,104,151,558,477
9VOEK11PM6AW_jpg.rf.b1da49ed1893cd759df1587a10e000be.jpg,640,640,minibus,62,153,577,557
8CPRJCECOD4N_jpg.rf.ae96cfced479c22143a3abad7c29a795.jpg,640,640,minibus,37,235,450,637
a-72-_png_jpg.rf.b13528d5d2656f08e8a18bf65356b82a.jpg,640,640,minibus,193,173,530,418
3IZ8ALPAIHZ2_jpg.rf.b1140e340a6f70f92318c70adcf21113.jpg,640,640,minibus,174,177,510,460
C4DJNHWBUVED_jpg.rf.aef8d407f5ee0b40d3a579d74f5c8d1b.jpg,640,640,minibus,63,138,579,527
1HHV8HB1XKQA_jpg.rf.b202b4d144ea1d848bd0c42e141e2f80.jpg,640,640,minibus,98,122,509,565
9L2RL75QFP5D_jpg.rf.ac348699a33d4869981df26c61c9a2ad.jpg,640,640,minibus,0,0,640,624
DGLV5SLCSHBY_jpg.rf.b1b3cf12d03159f6e63ced834e221232.jpg,640,640,minibus,0,0,640,640
images-5-_jpg.rf.b147325c15736684968c8c9720f959a6.jpg,640,640,minibus,177,0,634,543
WhatsApp-Image-2023-05-06-at-14-34-53_jpeg_jpg.rf.b417d61b9a376d3e5e80e72d69d4d18a.jpg,640,640,minibus,157,246,348,388
PARGMONCE13Q_jpg.rf.b1e732c7d031e7dd65da0b87e9881cc9.jpg,640,640,minibus,75,115,596,588
WhatsApp-Video-2023-05-06-at-08-25-26_out0034_jpg.rf.b2605f43ed9a45a9f0e84edfdd2c8b7b.jpg,640,640,minibus,291,174,494,329
1WG3SG8D5LA7_jpg.rf.b0168a5acb98e37117cb43659caf0649.jpg,640,640,minibus,10,56,604,561
89YRQLF561N1_jpg.rf.b4e9d83b56e928727c2089b5c523cf72.jpg,640,640,minibus,100,75,490,403
WhatsApp-Image-2023-05-06-at-14-35-09_jpeg_jpg.rf.b462890c34a77d404726a0473d820fdf.jpg,640,640,minibus,210,246,512,427
WhatsApp-Video-2023-05-06-at-08-25-26_out0030_jpg.rf.b218206274890c7226c91163be3d8e71.jpg,640,640,minibus,538,210,640,405
WhatsApp-Video-2023-05-05-at-16-45-16_out0026_jpg.rf.b360b3b3fd04caf1f477ce90a0f931a0.jpg,640,640,minibus,224,105,425,249
5BY27DK4ARER_jpg.rf.b4f962d0db820b87f6f0b2cd06451a53.jpg,640,640,minibus,114,117,506,467
WhatsApp-Image-2023-05-06-at-14-42-42_jpeg_jpg.rf.b52b8e46bcf297cf4652b23c79685b42.jpg,640,640,minibus,188,270,540,472
3708_b_jpeg_jpg.rf.b2cffee1d04c53ad990bf5143efd21c9.jpg,640,640,minibus,119,82,539,523
WhatsApp-Video-2023-05-06-at-08-25-26_out0092_jpg.rf.b5731d878ecae52daa05182bc2270a58.jpg,640,640,minibus,118,54,461,227
WhatsApp-Video-2023-05-06-at-08-25-26_out0037_jpg.rf.b768e83d929502948842872245946d4f.jpg,640,640,minibus,409,0,640,166
1QHEHJWZ442B_jpg.rf.b788fcf33c08496fc17a042dcfa29160.jpg,640,640,minibus,31,0,560,618
a-377-_png_jpg.rf.b624d300210fa274a990ebf47b9c775b.jpg,640,640,minibus,30,132,629,532
0PHB6PGXYH0M_jpg.rf.b70a64de74f882044bbe1087251dcba5.jpg,640,640,minibus,51,245,556,528
WhatsApp-Image-2023-05-06-at-14-35-05-1-_jpeg_jpg.rf.b4ca60c2601d210928443d22f53d9b9d.jpg,640,640,minibus,148,288,333,450
a-165-_png_jpg.rf.b5c845a1fee4e91d2190bcb79c430fa7.jpg,640,640,minibus,95,174,564,483
WhatsApp-Video-2023-05-03-at-12-28-55_out0016_jpg.rf.389f0c8bfed4e5a9fc5a00a587eb6b5e.jpg,640,640,minibus,124,155,631,429
a-47-_png_jpg.rf.3780213bb7953e1e005ad1b9caf1725a.jpg,640,640,minibus,41,169,612,470
maxresdefault-2-_jpg.rf.393ba103142e50d73029970d670c639d.jpg,640,640,minibus,0,54,577,595
KIWCEA3YPMM8_jpg.rf.37d7bdd108e465ca12142014d3c08f3c.jpg,640,640,minibus,6,93,640,549
WhatsApp-Image-2023-05-06-at-14-25-39_jpeg_jpg.rf.3674ba9562a5562fb7664e21f67caf2c.jpg,640,640,minibus,177,306,240,381
50PLZ078YMEL_jpg.rf.3947d097616d5168745bf87b38cd3034.jpg,640,640,minibus,64,121,590,557
JGVGBZT0P060_jpg.rf.38490176bcaa246a15eb4d18584d59e0.jpg,640,640,minibus,63,84,572,518
WhatsApp-Video-2023-05-06-at-08-25-26_out0034_jpg.rf.35c826754f153352bb1aa3b7e1bea933.jpg,640,640,minibus,291,174,494,329
WhatsApp-Video-2023-05-06-at-08-25-26_out0008_jpg.rf.36771dba98663201dcfead4764485474.jpg,640,640,minibus,133,4,352,138
WhatsApp-Image-2023-05-06-at-14-26-09-2-_jpeg_jpg.rf.36ac033e2d9f5b82072e73b87245419e.jpg,640,640,minibus,283,265,461,385
images-123_jpg.rf.3837463f8348e417b38eea38908dfcf4.jpg,640,640,minibus,179,52,462,503
KU3T1ZUOPZ91_jpg.rf.37cc43a3d0ea8a5e0ca8c2fa2e0bdec8.jpg,640,640,minibus,7,0,640,587
4RJPNS885ENF_jpg.rf.3723d62c65ada05fabad6cc170c92b50.jpg,640,640,minibus,0,143,640,601
WhatsApp-Video-2023-05-06-at-08-25-26_out0034_jpg.rf.39853d4449d5e34a5d2eb9b8a937a300.jpg,640,640,minibus,291,174,494,329
WhatsApp-Image-2023-05-06-at-14-25-39-1-_jpeg_jpg.rf.396b5af8c5da9e7625428eed00cfa17b.jpg,640,640,minibus,239,319,381,438
a-301-_png_jpg.rf.3892a44e07a87625651541c6bf283746.jpg,640,640,minibus,94,114,553,578
7XR977L5IF0S_jpg.rf.35f01c36fb5b239d01fd5fb886c41643.jpg,640,640,minibus,145,174,518,555
a-40-_png_jpg.rf.3598ce9d60837aca63749591e1f262e9.jpg,640,640,minibus,31,202,617,493
E1ATEFSIJQT1_jpg.rf.3b767f9294b5d3fb4433d352c7b9aa99.jpg,640,640,minibus,255,156,609,554
7QS3YCGOB0FH_jpg.rf.38fc4da66e84f08c68bbc61de42c2697.jpg,640,640,minibus,58,117,566,595
a-262-_png_jpg.rf.39cc9233d2134b95fc83af9df97f3470.jpg,640,640,minibus,10,117,631,521
a-226-_png_jpg.rf.3a78c5f2f89fe4b582b7a967c3c15e12.jpg,640,640,minibus,63,145,567,465
L9AGCU8HY886_jpg.rf.38d4f65f9d891c313a3bcaa7e3132708.jpg,640,640,minibus,20,104,543,491
a-398-_png_jpg.rf.39a02e26c93c51c6bb1bfa471eaad898.jpg,640,640,minibus,75,46,579,518
a-117-_png_jpg.rf.3a8b6ba414513f721f3264cdcf4c588b.jpg,640,640,minibus,121,195,519,421
WhatsApp-Image-2023-05-06-at-14-45-21_jpeg_jpg.rf.3cd8a7fe3c52bbea1527219255a58b19.jpg,640,640,minibus,240,246,520,416
MP46LNIWJSGD_jpg.rf.3e5078f54a27c30b2ff0c8f89729f525.jpg,640,640,minibus,3,61,451,523
a-377-_png_jpg.rf.3cd5d2097da54615c3caf26bbfac600b.jpg,640,640,minibus,30,132,629,532
a-151-_png_jpg.rf.3b9595ed307488035840a5312ef76358.jpg,640,640,minibus,49,98,590,541
QOTZG1LI27TL_jpg.rf.3cd5862ab8747dc98b6a2ad5577caae7.jpg,640,640,minibus,47,88,633,541
a-343-_png_jpg.rf.3c8e7ec34d7c6f2597abe83939396c6f.jpg,640,640,minibus,116,185,468,464
a-82-_png_jpg.rf.3cf93de11cccd4399d3c779465173386.jpg,640,640,minibus,29,95,621,514
WhatsApp-Image-2023-05-06-at-14-25-36_jpeg_jpg.rf.3eddf5cc4d3cb5b8a89d59a194fa56f7.jpg,640,640,minibus,251,347,342,435
a-334-_png_jpg.rf.4166f2cfa18aaa083f54cceb1b5c8e83.jpg,640,640,minibus,96,123,562,509
WhatsApp-Image-2023-05-06-at-14-45-21_jpeg_jpg.rf.3ffa50d3ecc5909cf4ee9f697332a038.jpg,640,640,minibus,240,246,520,416
WhatsApp-Image-2023-05-06-at-14-35-02-1-_jpeg_jpg.rf.3ee8c1271ad9cfef08e0d0ff9d0832a9.jpg,640,640,minibus,199,236,313,323
images-5-_jpg.rf.3fe912dad8f09cd4129ca0a3f812bec1.jpg,640,640,minibus,177,0,634,543
0BU4DWW4IW97_jpg.rf.40b9bc957f954f77f87d9f5beb3613ef.jpg,640,640,minibus,11,14,606,580
WhatsApp-Video-2023-05-03-at-12-29-37_out0083_jpg.rf.3d3040b2ab1da01061cb76f19ba6bbf5.jpg,640,640,minibus,68,38,640,550
WhatsApp-Image-2023-05-06-at-14-44-20-5-Copy_jpeg_jpg.rf.3c2343cf4e25abe678325244b7c1ed1c.jpg,640,640,minibus,282,137,509,338
WhatsApp-Image-2023-05-06-at-14-35-01-1-_jpeg_jpg.rf.3f3d1a6294194150b8079b58ffcaa223.jpg,640,640,minibus,247,187,395,279
27TPJDVRX0TP_jpg.rf.420da9d0991a4f6e3f017734af735b83.jpg,640,640,minibus,76,68,480,605
8ZF94MAFY2MU_jpg.rf.4179c9dea88d70fbc7f586dd51f3e9eb.jpg,640,640,minibus,148,152,570,531
PKCAIXGEPXLY_jpg.rf.4145fee9fbafdafb0a516be33b89c3a0.jpg,640,640,minibus,270,244,489,550
C91QQDQONZ86_jpg.rf.4189383a196e731b48e97289e059b0a4.jpg,640,640,minibus,104,84,494,518
CATJ9WJAB1IG_jpg.rf.3d337593a6bb6049c75368e95d76c975.jpg,640,640,minibus,13,74,640,630
8CPRJCECOD4N_jpg.rf.3e8ede54162c100b88145b0754158894.jpg,640,640,minibus,37,235,450,637
a-195-_png_jpg.rf.3fd2e0f91f9d35c0317908ae94f85456.jpg,640,640,minibus,91,79,567,526
WhatsApp-Video-2023-05-06-at-08-25-26_out0027_jpg.rf.4281037cfc897e35aa7c473888839fbc.jpg,640,640,minibus,361,158,552,317
3UKDYM2KN73V_jpg.rf.412d451de72e3fa2e6cf78f9bd3f9eab.jpg,640,640,minibus,87,91,536,521
1S1W3JO1V3DO_jpg.rf.3c89a76e60e515d192fe9e00f08ad6e6.jpg,640,640,minibus,48,80,554,596
nissan-vanette-van-10ade2e285_t_jpg.rf.44ddb301d5ab8e605d0fd800a782f20c.jpg,640,640,minibus,50,65,537,572
53Y9W6K1LUAG_jpg.rf.446ca085d9cf043d35ea106d4910644d.jpg,640,640,minibus,274,114,601,467
WhatsApp-Image-2023-05-06-at-14-34-58_jpeg_jpg.rf.434575b7abb6f18fbd6147267783f275.jpg,640,640,minibus,266,288,464,384
WhatsApp-Video-2023-05-03-at-12-28-55_out0016_jpg.rf.44e80a91301d169ff17457fc0f4346b2.jpg,640,640,minibus,124,155,631,429
35JT1LK7QQQD_jpg.rf.43e3e194dff82cc7c5ebb4aef1deee44.jpg,640,640,minibus,29,42,596,597
a-252-_png_jpg.rf.45196dbd253b2af1ca4dce14f5f3cdcf.jpg,640,640,minibus,12,191,627,452
a-64-_png_jpg.rf.4498b45d86fe21f1cd1135b6a54ef76a.jpg,640,640,minibus,55,94,587,489
WhatsApp-Image-2023-05-06-at-14-25-39-1-_jpeg_jpg.rf.461bdf1b6bb99c635391e38329e3e932.jpg,640,640,minibus,239,319,381,438
0FE6TRPCU3PC_jpg.rf.4683dc3edc51366b307c9a653ba59b61.jpg,640,640,minibus,97,353,526,598
WhatsApp-Video-2023-05-05-at-16-45-16_out0011_jpg.rf.43190c3c857de7a7cfa60d7b2e0c7c6a.jpg,640,640,minibus,211,157,373,289
a-362-_png_jpg.rf.4901a5d61b46e828b75eb275c9836595.jpg,640,640,minibus,71,104,587,523
WhatsApp-Image-2023-05-06-at-14-42-42_jpeg_jpg.rf.47e109a9ad2064dc697403267ed2970e.jpg,640,640,minibus,188,270,540,472
7ZN1CTC8K9OW_jpg.rf.46e1a7fa8211343f0b3a48aca1d87517.jpg,640,640,minibus,59,154,460,500
a-82-_png_jpg.rf.48ea857527406a44fdb5f3cfc0d1870a.jpg,640,640,minibus,29,95,621,514
WhatsApp-Video-2023-05-06-at-08-25-26_out0027_jpg.rf.478873d32a48c958ada2817662b38e39.jpg,640,640,minibus,361,158,552,317
4754412_carP_l_1_jpg20211112-1405-uljb0n_jpg.rf.49895c5595a44494650beb9ceb668c65.jpg,640,640,minibus,129,8,555,618
NFGV2XEDBVT6_jpg.rf.472d9590f131146c45b6da27f2267f47.jpg,640,640,minibus,9,20,358,546
WhatsApp-Video-2023-05-03-at-12-29-37_out0019_jpg.rf.46ee5e81adfa99bd5725ade92b5cab41.jpg,640,640,minibus,62,34,640,459
a-129-_png_jpg.rf.45ab9fbb39740f76b565a7f83520a586.jpg,640,640,minibus,45,118,625,512
a-318-_png_jpg.rf.43b1762a1289aacf580ed83d12c82f7a.jpg,640,640,minibus,130,240,556,485
a-159-_png_jpg.rf.43382581c9ae2bac17154cee1d5736c1.jpg,640,640,minibus,51,123,616,443
WhatsApp-Image-2023-05-06-at-14-25-39-1-_jpeg_jpg.rf.470e9cbf4315c5d4bfb25f4a084c5c21.jpg,640,640,minibus,239,319,381,438
FHMO2SSPC6J6_jpg.rf.444c1889269d92a6eaedaa756ae34c6a.jpg,640,640,minibus,97,243,388,622
nissan-vanette-cargo-brussels-belgium-august-japanese-van-ci_jpg.rf.49088a5c283c07f2cf47b07e6410d424.jpg,640,640,minibus,66,179,447,533
44P3WC6MUBB9_jpg.rf.4867b748b67aca6464706a184c5e5d3a.jpg,640,640,minibus,90,0,553,572
WhatsApp-Image-2023-05-06-at-14-35-08-1-_jpeg_jpg.rf.4a6c7dc70d2fdf3f24d27264c9d45baf.jpg,640,640,minibus,224,185,448,334
4X997LGYFHC5_jpg.rf.49de61b5940b26b4e5545038432abe00.jpg,640,640,minibus,40,203,583,395
download-2-_jpg.rf.4abe6697e756bf9d664093492ea55c13.jpg,640,640,minibus,118,2,383,609
download-2-_jpg.rf.4abe6697e756bf9d664093492ea55c13.jpg,640,640,minibus,462,262,615,457
C4DJNHWBUVED_jpg.rf.4afdc4e31bc3fdd637e52d0741cf5f39.jpg,640,640,minibus,63,138,579,527
a-234-_png_jpg.rf.4d468d4ab5c114c0d2f466ea0f7b73f5.jpg,640,640,minibus,63,177,567,499
5UVV3N5DB722_jpg.rf.4fd9c362d6b0c4409eccacdc1081baa9.jpg,640,640,minibus,31,6,556,608
5JC8SWGWIH5V_jpg.rf.4c2b603fd9b93c69e9499653988d0c8c.jpg,640,640,minibus,124,317,411,546
8IHKSV0I73AO_jpg.rf.4b2cd310700e5abce6ebd3f582f47ec6.jpg,640,640,minibus,28,168,570,514
DY6WUQZ7S7LN_jpg.rf.4ee443834c7f5bdb88b4731909127d00.jpg,640,640,minibus,4,54,640,476
a-363-_png_jpg.rf.4b8c599e0b5d40223db0ea37724f2cc1.jpg,640,640,minibus,84,138,574,499
1U7ALX12A8VU_jpg.rf.4c0e79ae8a73fc6f635bb0a40c28280a.jpg,640,640,minibus,41,135,574,597
WhatsApp-Image-2023-05-06-at-14-35-05-1-_jpeg_jpg.rf.4ba80269c3096478a06255003da5a17d.jpg,640,640,minibus,148,288,333,450
WhatsApp-Video-2023-05-06-at-08-25-26_out0007_jpg.rf.4ace4a8ec82f7ab176efe905497cc314.jpg,640,640,minibus,152,4,355,132
a-320-_png_jpg.rf.4fc94584e9f00cc79b99c9f405808ac0.jpg,640,640,minibus,49,99,611,515
maxresdefault-1-_jpg.rf.4f4111e790b17c82199902ed5fa3c95e.jpg,640,640,minibus,137,148,591,564
JCWRVXJSA3BY_jpg.rf.4f58be29e65fa62d8fd4356f9441b751.jpg,640,640,minibus,58,0,606,620
WhatsApp-Image-2023-05-06-at-14-35-04-1-_jpeg_jpg.rf.4dbfaea1bd3f2924f0c6f9bfd98a3145.jpg,640,640,minibus,76,219,423,498
a-168-_png_jpg.rf.4e410e305a1a6dfcded7ac72db797897.jpg,640,640,minibus,36,116,619,518
JGVGBZT0P060_jpg.rf.4c91211337edf96c7d47af492792292e.jpg,640,640,minibus,63,84,572,518
a-159-_png_jpg.rf.4fc447ecc9ed93e63b07d6fd5ece223b.jpg,640,640,minibus,51,123,616,443
C91QQDQONZ86_jpg.rf.4fffc62950024f0da302c01219aca576.jpg,640,640,minibus,104,84,494,518
WhatsApp-Image-2023-05-06-at-14-25-35-1-_jpeg_jpg.rf.4b5570619eecac9d4ee5b1230e86c361.jpg,640,640,minibus,217,356,340,438
WhatsApp-Image-2023-05-06-at-14-35-08-1-_jpeg_jpg.rf.5039e2e45a99ddf9be74251a55bfa7ae.jpg,640,640,minibus,224,185,448,334
a-157-_png_jpg.rf.4e2aebb970bf9c0044ddb58b87862b52.jpg,640,640,minibus,149,115,596,442
85QXW7QZISKM_jpg.rf.5146a3a8009fdf8d9abed3c53281db92.jpg,640,640,minibus,2,0,640,593
a-345-_png_jpg.rf.4fd61b3eec991ecca0a660caac290a04.jpg,640,640,minibus,80,181,594,420
98G0PLCS3EHT_jpg.rf.5087c5000c3b7d4306bd9ce1a70b7c47.jpg,640,640,minibus,466,447,602,640
98G0PLCS3EHT_jpg.rf.5087c5000c3b7d4306bd9ce1a70b7c47.jpg,640,640,minibus,383,310,461,418
a-159-_png_jpg.rf.4ef7d6ef3544aa9a8fe2b8b82784967b.jpg,640,640,minibus,51,123,616,443
a-318-_png_jpg.rf.5250592b627451253b60ce6036a1ae52.jpg,640,640,minibus,130,240,556,485
WhatsApp-Video-2023-05-03-at-12-29-37_out0076_jpg.rf.510db4a6870e32e5656f2fc55d913b1f.jpg,640,640,minibus,155,12,640,499
27TPJDVRX0TP_jpg.rf.521071d6f5dc8c2d19538dbce648082b.jpg,640,640,minibus,76,68,480,605
WhatsApp-Video-2023-05-03-at-12-29-37_out0084_jpg.rf.517759f5332d0eac799afc127d2b76f7.jpg,640,640,minibus,68,31,640,584
a-318-_png_jpg.rf.5128dac96bf3cd8726ab07ef4883092e.jpg,640,640,minibus,130,240,556,485
WhatsApp-Video-2023-05-05-at-16-45-16_out0026_jpg.rf.53a75d9202f9550b3be2afcb8b1a3185.jpg,640,640,minibus,224,105,425,249
a-252-_png_jpg.rf.52ac582feb3ac58d7201520ca518c388.jpg,640,640,minibus,12,191,627,452
1ONYAD2119XP_jpg.rf.52d7403fdfba634f88a86e9d80b5ff6d.jpg,640,640,minibus,90,135,623,629
5P2APPAJ5MIW_jpg.rf.583e8125dec0f0b505a77571589e4abb.jpg,640,640,minibus,67,43,513,534
WhatsApp-Video-2023-05-06-at-08-25-26_out0008_jpg.rf.56f6702e3cff64fdece5cea1ec479b1c.jpg,640,640,minibus,133,4,352,138
a-160-_png_jpg.rf.524514b41ca9893334fa9c2ed31e1cc8.jpg,640,640,minibus,53,111,588,509
5L8TFMO2RNYH_jpg.rf.56594cb5fcb7a85ca83993148e0c6435.jpg,640,640,minibus,90,130,498,498
NISSAN_VANETTE_VAN_rear_jpg.rf.5603f54054bc0cfdfbe20d0edcc31e3c.jpg,640,640,minibus,86,43,590,571
62X1Y81A3OB9_jpg.rf.54f8709e6ba81cd4bec113d177eb566f.jpg,640,640,minibus,1,18,640,640
1Q2HOZA4D5V9_jpg.rf.553a019ae233af25ad2fe14fdbe6bf87.jpg,640,640,minibus,63,2,640,640
0SHW4K27B2J9_jpg.rf.57f56f98e8a2049aff082a389f73c883.jpg,640,640,minibus,0,83,500,609
WhatsApp-Image-2023-05-06-at-14-25-32-1-_jpeg_jpg.rf.58cbae97a54a974faa387be5e4393da8.jpg,640,640,minibus,224,313,329,408
AVLDB6112SG2_jpg.rf.587d07645548dadcc9f71ec67e6f1295.jpg,640,640,minibus,170,13,510,542
WhatsApp-Image-2023-05-06-at-14-25-37_jpeg_jpg.rf.584363261c3cb66ec24d6c242601c81f.jpg,640,640,minibus,246,265,432,446
a-352-_png_jpg.rf.588cf8d4b383e22eedc95c01696e74c8.jpg,640,640,minibus,132,151,508,537
a-334-_png_jpg.rf.57ed91ca91252a568e6645ac96e1b3d2.jpg,640,640,minibus,96,123,562,509
5L8TFMO2RNYH_jpg.rf.5a12cd3b2bcdaa2332a6484651165aba.jpg,640,640,minibus,90,130,498,498
C91QQDQONZ86_jpg.rf.55caa7d17780c5b1427b84c5093c6d95.jpg,640,640,minibus,104,84,494,518
I2D2SQD7TX6J_jpg.rf.57323a8d753fef7e3304b88446f68880.jpg,640,640,minibus,8,124,601,552
a-22-_png_jpg.rf.591e2f63d4791764c07aa93c97a473f3.jpg,640,640,minibus,42,144,561,532
a-51-_png_jpg.rf.55d515a00fd2e21413b04b631f3855eb.jpg,640,640,minibus,65,128,608,526
1WG3SG8D5LA7_jpg.rf.5a8ce1c84b1ec5bb7f1f860f987bd076.jpg,640,640,minibus,10,56,604,561
5L3AB2HFCJ7D_jpg.rf.58e9bab63ae6a4d275ce7a378a9a30cb.jpg,640,640,minibus,109,149,546,574
GISQLG5TE6FN_jpg.rf.58ff696188657216701d7d3ff1acff2d.jpg,640,640,minibus,225,472,314,607
a-379-_png_jpg.rf.5a87a51038d15bcc1d8f684f5f04e654.jpg,640,640,minibus,173,161,492,530
RWW50X0W9FAS_jpg.rf.5aa793e018b521bb446d04f0eb68413f.jpg,640,640,minibus,92,224,567,616
WhatsApp-Image-2023-05-06-at-14-35-02-1-_jpeg_jpg.rf.5d5cd520633fcf2b4ff1af79a08df02b.jpg,640,640,minibus,199,236,313,323
WhatsApp-Video-2023-05-06-at-08-25-26_out0007_jpg.rf.5d2fd2f3fd051b75ac55ee5c6add4140.jpg,640,640,minibus,152,4,355,132
WhatsApp-Image-2023-05-06-at-14-44-20-10-Copy_jpeg_jpg.rf.5dead3030e58e60a7bb3327f6096ef09.jpg,640,640,minibus,232,100,640,411
WhatsApp-Image-2023-05-06-at-14-42-42_jpeg_jpg.rf.5d064006ab0d440c4ce2a4ac192f0d9b.jpg,640,640,minibus,188,270,540,472
2FOS1ZRMRW90_jpg.rf.5c55dfb81865469d6b332cb0b4eb5f08.jpg,640,640,minibus,13,218,532,612
CL9PB6QH5R26_jpg.rf.5d31b71a2febc8a395b8a6c14b213e5b.jpg,640,640,minibus,325,302,640,538
a-169-_png_jpg.rf.5ce2c14bb55359a9eb3393c7e3a0ecee.jpg,640,640,minibus,63,97,609,526
1QHEHJWZ442B_jpg.rf.5c82306a3b66e9084a53623253287265.jpg,640,640,minibus,31,0,560,618
CUTG6E6JK1O5_jpg.rf.5ae5eb2e0102e90add51c96f548456d9.jpg,640,640,minibus,22,37,609,566
a-381-_png_jpg.rf.5ae24771b0091baa76bfeb8f5621a752.jpg,640,640,minibus,126,88,507,497
IM03SGIY6U91_jpg.rf.5e7ddc2b92fcfd3b667c8896c8326d52.jpg,640,640,minibus,43,76,628,514
JRBWVRVDKIAU_jpg.rf.5e8f5fa8d4921b4f11592e03b936c5ab.jpg,640,640,minibus,174,0,640,425
WhatsApp-Video-2023-05-03-at-12-29-37_out0062_jpg.rf.5de182855658bc382173b152bd64a10c.jpg,640,640,minibus,26,0,639,520
WhatsApp-Video-2023-05-03-at-12-29-37_out0010_jpg.rf.5c3242fa2602dbef351cb5d5174d220f.jpg,640,640,minibus,0,32,640,448
WhatsApp-Video-2023-05-05-at-16-45-16_out0026_jpg.rf.6241e6b99f838080bb2c8378c4e8394e.jpg,640,640,minibus,224,105,425,249
a-121-_png_jpg.rf.5f57b962bbda2458f1ad3c18405db94d.jpg,640,640,minibus,83,118,615,534
WhatsApp-Image-2023-05-06-at-14-35-02-1-_jpeg_jpg.rf.61cfd7ff6e362ab57ea74e0bed3250a3.jpg,640,640,minibus,199,236,313,323
a-226-_png_jpg.rf.602bcca3da554a20b1f991d7b6a9a88d.jpg,640,640,minibus,63,145,567,465
6OP1KE2INNL8_jpg.rf.5f78cd5afc1634192542dd03f19c14c5.jpg,640,640,minibus,12,91,640,588
a-185-_png_jpg.rf.5f4e3088b1bdb063e073e1b6c3493383.jpg,640,640,minibus,68,143,545,476
CATJ9WJAB1IG_jpg.rf.62726abffbd21af4ab49a5a4dfd10142.jpg,640,640,minibus,13,74,640,630
WhatsApp-Image-2023-05-06-at-14-41-28-1-_jpeg_jpg.rf.613dc50f79e035f1ba5ffdac45179ff8.jpg,640,640,minibus,264,292,423,408
FHMO2SSPC6J6_jpg.rf.60f8ded4bf761ad954dcf0ba92302f65.jpg,640,640,minibus,97,243,388,622
a-144-_png_jpg.rf.62a1d93e1d4ad49d1c98d68683934482.jpg,640,640,minibus,100,83,558,547
0V47CAFUYUS7_jpg.rf.60051f440bb7c582b3cb514b828fb4b6.jpg,640,640,minibus,66,50,468,456
a-157-_png_jpg.rf.649a9b4c34bd369ea005f93e38652043.jpg,640,640,minibus,149,115,596,442
WhatsApp-Video-2023-05-05-at-16-45-16_out0012_jpg.rf.62a2f310fb9127b05d5a87b2db927c5f.jpg,640,640,minibus,206,171,360,276
J0O65XTW8M1X_jpg.rf.644a52745ed45d67a94dc3ebfef0e228.jpg,640,640,minibus,21,84,640,586
8OS9D8MHOE2F_jpg.rf.62ba6777f89b3014dea0ee6d64f7fa3c.jpg,640,640,minibus,55,64,581,603
QOTZG1LI27TL_jpg.rf.66431a1937744f79f0ec605cc444aadf.jpg,640,640,minibus,47,88,633,541
WhatsApp-Video-2023-05-06-at-08-25-26_out0032_jpg.rf.64ca46e2af88fb6c00e53b0e178e98f6.jpg,640,640,minibus,421,214,619,367
nissan-vanette-cargo-brussels-belgium-august-japanese-van-ci_jpg.rf.65eea8ec0ebae76f659eda7404f2028d.jpg,640,640,minibus,66,179,447,533
WhatsApp-Video-2023-05-06-at-08-25-26_out0008_jpg.rf.64e3691c1bbe840a8b84311b7e52a31d.jpg,640,640,minibus,133,4,352,138
WhatsApp-Video-2023-05-05-at-16-45-16_out0022_jpg.rf.64eceaf82909876a84efa7454937186e.jpg,640,640,minibus,225,115,416,257
7AKLW4KJ5574_jpg.rf.64c8b420d6f7fe89aff57c67aaeb5fb3.jpg,640,640,minibus,43,70,588,578
NISSAN_VANETTE_VAN_rear_jpg.rf.64b016b6b2e9401eda69811b44bc32a8.jpg,640,640,minibus,86,43,590,571
a-117-_png_jpg.rf.62db04f70866e5b03ceaeb13449890f9.jpg,640,640,minibus,121,195,519,421
a-381-_png_jpg.rf.666087f18270218da4542cd07210e1bd.jpg,640,640,minibus,126,88,507,497
1U7ALX12A8VU_jpg.rf.637ce3abae3984ee26fa8368567be2ea.jpg,640,640,minibus,41,135,574,597
WhatsApp-Video-2023-05-03-at-12-29-37_out0043_jpg.rf.63b24ecbf48bc62182db484d984883bf.jpg,640,640,minibus,15,18,640,511
4754412_carP_l_1_jpg20211112-1405-uljb0n_jpg.rf.65a317e8ca0119ff9e9d694fceea2622.jpg,640,640,minibus,129,8,555,618
0PHB6PGXYH0M_jpg.rf.6694dce56ce9d18fae969b3eeb0d7c7b.jpg,640,640,minibus,51,245,556,528
1CRG8HIGIHJ7_jpg.rf.649cabaa3ae72a6056eb6cd8d36fd59a.jpg,640,640,minibus,70,159,399,452
CATJ9WJAB1IG_jpg.rf.6348488a38cd20d31892135d43ca9b6b.jpg,640,640,minibus,13,74,640,630
a-159-_png_jpg.rf.675d4f093f9245bd826f9acaef9b2307.jpg,640,640,minibus,26,108,631,456
4AN8Y7ZN0NCA_jpg.rf.66a9323cb175b45c7486b0724d162c72.jpg,640,640,minibus,0,0,640,640
12I5CY2IFME0_jpg.rf.666517434c5915b0d578a614b9fd5867.jpg,640,640,minibus,351,11,640,519
WhatsApp-Video-2023-05-03-at-12-28-55_out0038_jpg.rf.678336ea81a4faa48a1da2a20a0065b5.jpg,640,640,minibus,192,171,637,430
images-15-_jpg.rf.6737fe8137ad9c0104f7fd991d6bb91f.jpg,640,640,minibus,194,136,360,451
8IHKSV0I73AO_jpg.rf.67be620cdd3bee8909035d74d059b543.jpg,640,640,minibus,28,168,570,514
76KIHVO60PFT_jpg.rf.679fa5b9354742f57d8382eba08446f5.jpg,640,640,minibus,118,151,557,541
WhatsApp-Video-2023-05-03-at-13-07-39_out0010_jpg.rf.67b8235de3e8804e124fa7ffe707b82d.jpg,640,640,minibus,155,114,549,381
WhatsApp-Video-2023-05-03-at-12-29-37_out0012_jpg.rf.67ca1be96c7393bd9d99da625be02089.jpg,640,640,minibus,5,31,640,433
9VOEK11PM6AW_jpg.rf.67f81f8848c14f04292b45c87a2be93d.jpg,640,640,minibus,62,153,577,557
a-188-_png_jpg.rf.68a819f5b497cdac6d11bcdd120ee402.jpg,640,640,minibus,74,146,557,509
6LI2QCTJWRWM_jpg.rf.68121ca797cd22e20f1533510468590d.jpg,640,640,minibus,26,117,634,582
a-115-_png_jpg.rf.68cf96ef6f971c88cfa283ba3a0d4145.jpg,640,640,minibus,46,231,604,511
WhatsApp-Image-2023-05-06-at-14-34-56_jpeg_jpg.rf.6828342ec2806f9af9b2d6a4d168346d.jpg,640,640,minibus,178,248,381,396
9L2RL75QFP5D_jpg.rf.6cebf0b047ab34f10c70d10fe9705764.jpg,640,640,minibus,0,0,640,624
CUTG6E6JK1O5_jpg.rf.696886411cdd63dc69fc159129c193e8.jpg,640,640,minibus,22,37,609,566
download_jpg.rf.69bbede89eb338ad7dabb024c0c2342f.jpg,640,640,minibus,127,91,496,525
L1B0KZX6RHOT_jpg.rf.6937fa98eccf71430ec0e4467a2879ac.jpg,640,640,minibus,0,32,640,449
WhatsApp-Video-2023-05-03-at-13-07-39_out0010_jpg.rf.6d52512fa0f5a86ae6c4f6a276467965.jpg,640,640,minibus,155,114,549,381
WhatsApp-Image-2023-05-06-at-14-26-08-2-_jpeg_jpg.rf.6c64b2d236c6d5c54e118882998f28eb.jpg,640,640,minibus,248,224,486,386
8OS9D8MHOE2F_jpg.rf.6dbf5f2e389238a44d54d7f9a015da94.jpg,640,640,minibus,55,64,581,603
JRBWVRVDKIAU_jpg.rf.6c29cef73a2df695b55af8ebef449754.jpg,640,640,minibus,174,0,640,425
AADZ4GI5IRIK_jpg.rf.6a6305d4bd73d18f98e3e92fcd64ba87.jpg,640,640,minibus,38,166,540,456
WhatsApp-Image-2023-05-06-at-14-34-58_jpeg_jpg.rf.6e715393fff745ff6b57024b1851e562.jpg,640,640,minibus,266,288,464,384
a-79-_png_jpg.rf.6ec997e7bf9d3d269a94c88de31c2ffb.jpg,640,640,minibus,19,199,611,491
AUO2D8OVZXEW_jpg.rf.6dd75b404041f6710cf6505f498f8fec.jpg,640,640,minibus,49,163,640,506
a-390-_png_jpg.rf.6d1ccb8c5e7ab1adcd6948f5742d7775.jpg,640,640,minibus,37,154,597,444
44P3WC6MUBB9_jpg.rf.6de07f81e14913cd35b5ef3c7ccea68c.jpg,640,640,minibus,90,0,553,572
0YSXQ1RGMEIV_jpg.rf.69d3856945c1f6352781498dc777e96d.jpg,640,640,minibus,163,209,608,476
WhatsApp-Video-2023-05-03-at-12-29-37_out0086_jpg.rf.6d9372c140eced0dd1c519592585ef19.jpg,640,640,minibus,67,38,640,502
1K09IFT3VBCX_jpg.rf.68716344e34ea21b152c4474f6ad82c6.jpg,640,640,minibus,105,206,552,567
5W0SG7MP3M0N_jpg.rf.6d7b3a9c33025d7bca014f35811d69d2.jpg,640,640,minibus,45,25,618,606
8SEFJ5JYQ3C0_jpg.rf.6f1312e5af4393abbd8a13e3ceac68e5.jpg,640,640,minibus,101,73,516,520
images-5-_jpg.rf.6f8ee30560de2c522afef07de07ecf61.jpg,640,640,minibus,177,0,634,543
J0O65XTW8M1X_jpg.rf.70c064c57499dda72ed97df7a6fa38d7.jpg,640,640,minibus,21,84,640,586
1Q2HOZA4D5V9_jpg.rf.70ce127bc9dbb013f541b0a20b134696.jpg,640,640,minibus,63,2,640,640
2VDHOHNYCDF8_jpg.rf.70d864d8e756df51055a7890a0e4e16f.jpg,640,640,minibus,0,4,632,634
a-343-_png_jpg.rf.712ade94da2bbd7b36a1fbbec3466218.jpg,640,640,minibus,116,185,468,464
a-233-_png_jpg.rf.705d033f9222de1cdbc8e7d63a2d6f9b.jpg,640,640,minibus,27,148,614,516
WhatsApp-Video-2023-05-05-at-16-45-16_out0015_jpg.rf.710155caaba74dd69d9e477d57c4a5d5.jpg,640,640,minibus,164,170,343,286
1S1W3JO1V3DO_jpg.rf.6fa1b26f67a8ae60c0942cceba44c36c.jpg,640,640,minibus,48,80,554,596
a-377-_png_jpg.rf.718f52798cd0fe7f8f924f5069004858.jpg,640,640,minibus,30,132,629,532
4754412_carP_l_1_jpg20211112-1405-uljb0n_jpg.rf.6fdba384942886664a1d983324efabd6.jpg,640,640,minibus,129,8,555,618
download-4-_jpg.rf.721200439223af291833e2142a14d529.jpg,640,640,minibus,81,69,482,540
4DN0XGJCS7J5_jpg.rf.72bd97c4efbf1c07006d735d8ee7a005.jpg,640,640,minibus,26,28,640,606
77MJEV56DKZ8_jpg.rf.72c944782e7e35405c04af8d7bb74730.jpg,640,640,minibus,49,204,640,598
download-2-_jpg.rf.7025ce58033f6aa71d06cbd686771db9.jpg,640,640,minibus,118,2,383,609
download-2-_jpg.rf.7025ce58033f6aa71d06cbd686771db9.jpg,640,640,minibus,462,262,615,457
7RV55Q7S3BUW_jpg.rf.719295eb48980475d79be91085c39aa5.jpg,640,640,minibus,70,120,567,559
a-63-_png_jpg.rf.72a02b6c9e243f77b4367eba9677b745.jpg,640,640,minibus,27,136,631,509
4AN8Y7ZN0NCA_jpg.rf.73ab74dcc95154d9ab3b85c3c4ddf39a.jpg,640,640,minibus,0,0,640,640
a-334-_png_jpg.rf.731ed8f12b5fa1e130a8a99c27567c3e.jpg,640,640,minibus,96,123,562,509
M3K6LB62L1RD_jpg.rf.7480c60f25aab01dbb70538070809e61.jpg,640,640,minibus,1,1,640,639
7QS3YCGOB0FH_jpg.rf.72162b14d529281f17de0775de80730d.jpg,640,640,minibus,58,117,566,595
a-280-_png_jpg.rf.725d4d5ecb3e830d78883ce46e43c91e.jpg,640,640,minibus,66,137,569,509
WhatsApp-Video-2023-05-03-at-12-29-37_out0009_jpg.rf.7545e85dac7eb7a9e11c0f299bc360d5.jpg,640,640,minibus,21,20,640,453
5JC8SWGWIH5V_jpg.rf.7564969dc47028018fdb129649cfc9a5.jpg,640,640,minibus,124,317,411,546
2VDHOHNYCDF8_jpg.rf.77a3c6a99e9835de5e5589a7cab2442f.jpg,640,640,minibus,0,4,632,634
WhatsApp-Video-2023-05-03-at-12-28-55_out0009_jpg.rf.74f9129e0d330ecab67b4631dcfa8004.jpg,640,640,minibus,169,182,603,455
4ZT40JHRZGTV_jpg.rf.75f6eacc0b509ce74ffe52437939b005.jpg,640,640,minibus,180,250,640,586
WhatsApp-Image-2023-05-06-at-14-26-08-2-_jpeg_jpg.rf.7758116e4ace3eca13c83542fd57133b.jpg,640,640,minibus,248,224,486,386
a-121-_png_jpg.rf.756652fa85c934cfee1964c09b05de35.jpg,640,640,minibus,83,118,615,534
12I5CY2IFME0_jpg.rf.771614c7d285601b104d386079b3b68c.jpg,640,640,minibus,351,11,640,519
WhatsApp-Image-2023-05-06-at-14-35-05-1-_jpeg_jpg.rf.7714f7fb8cf84a28bc3dab0a81fed096.jpg,640,640,minibus,148,288,333,450
WhatsApp-Image-2023-05-06-at-14-35-04-1-_jpeg_jpg.rf.779c87b5fe6c4ee30c945f8b62ade02c.jpg,640,640,minibus,76,219,423,498
9YXEOW95YHCX_jpg.rf.757bb50674ceaf255d2cbbf32ff8a54e.jpg,640,640,minibus,141,60,518,566
images-4-_jpg.rf.7698ebc2fe3013af617e33ed7a298191.jpg,640,640,minibus,259,177,447,520
8IHKSV0I73AO_jpg.rf.745e5ef4eb4740ae32bd45766c3b09ff.jpg,640,640,minibus,28,168,570,514
31X7METPKNFL_jpg.rf.78274616ac1d99eef0d7d696ad7de0fd.jpg,640,640,minibus,2,38,640,619
2FOS1ZRMRW90_jpg.rf.7823679f53c0877fa8c9ebf86ae5a8a2.jpg,640,640,minibus,13,218,532,612
G1OG5YP4SLLY_jpg.rf.77bed66230c4480697b723362044885b.jpg,640,640,minibus,113,97,589,583
WhatsApp-Video-2023-05-05-at-16-45-16_out0023_jpg.rf.7473b65b0b30391d8f527dea7269909b.jpg,640,640,minibus,197,109,421,251
0PHB6PGXYH0M_jpg.rf.02a044eb23c3a8bf51ef34d957c6dad9.jpg,640,640,minibus,51,245,556,528
a-22-_png_jpg.rf.017ffb3af3261071d5d928d58ac9145b.jpg,640,640,minibus,42,144,561,532
PARGMONCE13Q_jpg.rf.031df319ce0eb9b813d3cf2cd7b587db.jpg,640,640,minibus,75,115,596,588
WhatsApp-Video-2023-05-03-at-12-29-37_out0076_jpg.rf.00ef22723121236ca80833b7b84d46a0.jpg,640,640,minibus,155,12,640,499
85S225UQE5SO_jpg.rf.0082093b6b4ffd645b06a53abb2e7dbe.jpg,640,640,minibus,31,185,515,594
6NWZH6P8AR1J_jpg.rf.02a9e0c1e96047edd180385eb5fe6f02.jpg,640,640,minibus,90,122,554,486
WhatsApp-Video-2023-05-03-at-12-28-55_out0016_jpg.rf.0001fd7ebb096d75011c2605c801bf98.jpg,640,640,minibus,124,155,631,429
8ZF94MAFY2MU_jpg.rf.01d535759405216d0f57996c08513eef.jpg,640,640,minibus,148,152,570,531
352EIEAXOBOQ_jpg.rf.02fd81b2da82349b54d28c957862ef34.jpg,640,640,minibus,24,72,616,587
5L8TFMO2RNYH_jpg.rf.04cf8ce17771dd244daeb8fae380e45f.jpg,640,640,minibus,90,130,498,498
a-262-_png_jpg.rf.03b57a03e721a5b1ecc5508550befac4.jpg,640,640,minibus,10,117,631,521
B8RZ2B97NWFV_jpg.rf.04a33434be1cf226f6c59e2a5243b249.jpg,640,640,minibus,38,127,608,496
a-296-_png_jpg.rf.045b8ea746fbcc118bfff5699f80237b.jpg,640,640,minibus,104,151,558,477
LTOGCDMUH8RV_jpg.rf.037f2ad6618038701fa900d29d498617.jpg,640,640,minibus,29,24,633,600
WhatsApp-Video-2023-05-03-at-12-28-55_out0035_jpg.rf.03bc7578a2c4fcee4c4fa3226696484a.jpg,640,640,minibus,170,154,607,405
85QXW7QZISKM_jpg.rf.062d9fd20439691455e1797d3fc74121.jpg,640,640,minibus,2,0,640,593
MP46LNIWJSGD_jpg.rf.03f154ed986f456864d49d9be4b22894.jpg,640,640,minibus,3,61,451,523
5B211Z5816I2_jpg.rf.056fdfb961a196dbec89c666ff3861e0.jpg,640,640,minibus,0,0,640,640
WhatsApp-Image-2023-05-06-at-14-35-04-1-_jpeg_jpg.rf.055ec85eee2f2d24665ddda257aa81c6.jpg,640,640,minibus,76,219,423,498
WhatsApp-Image-2023-05-06-at-14-35-01-1-_jpeg_jpg.rf.05494c5731345fb779c482c07aa4d39c.jpg,640,640,minibus,247,187,395,279
WhatsApp-Image-2023-05-06-at-14-44-20-10-Copy_jpeg_jpg.rf.06112773b9ce757b6a2b8f76c8322cb3.jpg,640,640,minibus,232,100,640,411
download-2-_jpg.rf.05acebb32ae95fe5797681c6d59170df.jpg,640,640,minibus,118,2,383,609
download-2-_jpg.rf.05acebb32ae95fe5797681c6d59170df.jpg,640,640,minibus,462,262,615,457
a-80-_png_jpg.rf.073759b63401b9b2e2c900f12ddb4364.jpg,640,640,minibus,133,82,640,558
NFGV2XEDBVT6_jpg.rf.06d9947b8a6671735103a08db52db589.jpg,640,640,minibus,9,20,358,546
4X997LGYFHC5_jpg.rf.0713dd8366bcae27bc69ed394eba3e30.jpg,640,640,minibus,40,203,583,395
95XE42AKWJQK_jpg.rf.06bcc1997d587b9c8d905bd26a765616.jpg,640,640,minibus,139,14,580,628
WhatsApp-Image-2023-05-06-at-14-25-42_jpeg_jpg.rf.06780549d1be92ddde3a05b49defc079.jpg,640,640,minibus,290,301,502,424
a-177-_png_jpg.rf.0716f78002e105f571e4b3eaf5890a99.jpg,640,640,minibus,51,130,611,515
98G0PLCS3EHT_jpg.rf.045c1e8beac05ec799992f51f60ca123.jpg,640,640,minibus,466,447,602,640
98G0PLCS3EHT_jpg.rf.045c1e8beac05ec799992f51f60ca123.jpg,640,640,minibus,383,310,461,418
a-113-_png_jpg.rf.075e1f496e7934e91902deff698e7d0d.jpg,640,640,minibus,163,131,521,508
a-40-_png_jpg.rf.055c82f4c2a57a18b88cb0d7dea391d0.jpg,640,640,minibus,31,202,617,493
a-190-_png_jpg.rf.06e0b7f0631d5998498b2fa992457de2.jpg,640,640,minibus,86,105,625,500
a-261-_png_jpg.rf.065febcc4a9fb81b5d6186579b9d5087.jpg,640,640,minibus,25,74,598,547
a-168-_png_jpg.rf.0774f3e76f8a664369d93d2eadf4b6de.jpg,640,640,minibus,36,116,619,518
a-58-_png_jpg.rf.063d5a808476776f562626f652db635b.jpg,640,640,minibus,28,171,610,480
3708_b_jpeg_jpg.rf.07acab05378ba93cc15631769139ef40.jpg,640,640,minibus,119,82,539,523
35JT1LK7QQQD_jpg.rf.088cebccaf49025b872fdc9d61d9d60b.jpg,640,640,minibus,29,42,596,597
a-115-_png_jpg.rf.07ae0cfb4468c5b5815a6aa1aaaa19da.jpg,640,640,minibus,46,231,604,511
95MDX99PB4BV_jpg.rf.096610e705adc68a40382d173ce4dd46.jpg,640,640,minibus,94,0,640,640
6MGTMO0APZ8Y_jpg.rf.08ec8c7855ad03213c4ed0c14cf3ac63.jpg,640,640,minibus,20,77,484,564
a-320-_png_jpg.rf.08e59e88961363aaef9b7a700f5cf868.jpg,640,640,minibus,49,99,611,515
01_jpg.rf.08bed347258d054cdf18127bab697c14.jpg,640,640,minibus,97,66,558,513
WhatsApp-Video-2023-05-05-at-16-45-16_out0028_jpg.rf.09c74533f10ca14956d1ab697b732dba.jpg,640,640,minibus,234,104,464,264
3UKDYM2KN73V_jpg.rf.0af8b93a559d3a4c9907984ddb1c121c.jpg,640,640,minibus,87,91,536,521
K4NB5ED8TJJM_jpg.rf.0a2f1f92479e6929c4a9f0c02b5ed650.jpg,640,640,minibus,0,0,640,616
a-96-_png_jpg.rf.07dfb6b1f65c4e016146ec7598cde213.jpg,640,640,minibus,62,132,598,511
WhatsApp-Video-2023-05-03-at-12-29-37_out0012_jpg.rf.09c9d2b660f13d3edb6c8b64f2299619.jpg,640,640,minibus,5,31,640,433
WhatsApp-Video-2023-05-05-at-16-45-16_out0022_jpg.rf.0939b78538272a53ea4786d03f2864ad.jpg,640,640,minibus,225,115,416,257
1QHEHJWZ442B_jpg.rf.0965aa6790b33ec03652153d8255e55c.jpg,640,640,minibus,31,0,560,618
5Q2PI549YJ14_jpg.rf.0a0e53203ab38ce6c8cad3a6e113c7dc.jpg,640,640,minibus,25,147,600,503
images-4-_jpg.rf.0ab5ace3455dd6e20e74ebdbcfcb47e5.jpg,640,640,minibus,259,177,447,520
WhatsApp-Video-2023-05-06-at-08-25-26_out0030_jpg.rf.0b55115a4a1bfefc8674f77a4fec0d31.jpg,640,640,minibus,538,210,640,405
CL9PB6QH5R26_jpg.rf.0840feefb644b0f9f2f13a6fdac6cb89.jpg,640,640,minibus,325,302,640,538
E1ATEFSIJQT1_jpg.rf.07e4c37c1f2e030dc05fd31c88d5d76f.jpg,640,640,minibus,255,156,609,554
WhatsApp-Video-2023-05-06-at-08-25-26_out0003_jpg.rf.0c251c2bb3011790ab3504081f98b899.jpg,640,640,minibus,142,0,337,135
Nissan_Vanette_cargo_JPG_jpg.rf.0a62e20bb8d5728fc526f2add561cf2d.jpg,640,640,minibus,125,150,541,466
Nissan_Vanette_cargo_JPG_jpg.rf.0a62e20bb8d5728fc526f2add561cf2d.jpg,640,640,minibus,116,149,542,485
WhatsApp-Image-2023-05-06-at-14-25-35-1-_jpeg_jpg.rf.0a1954799c166c2885e1cf927af052db.jpg,640,640,minibus,217,356,340,438
a-252-_png_jpg.rf.0a936a342f222ab8f22e9ad890652342.jpg,640,640,minibus,12,191,627,452
1HHV8HB1XKQA_jpg.rf.096d2633cd0952052f34976b1c7d5cb5.jpg,640,640,minibus,98,122,509,565
LKTO8EMPB0SA_jpg.rf.0b530d5c827ce98fb47ffd64545cab15.jpg,640,640,minibus,83,164,587,595
7RV55Q7S3BUW_jpg.rf.0b85b4fc9fc8e2ebdd94da8cb10672e3.jpg,640,640,minibus,70,120,567,559
a-22-_png_jpg.rf.0ceecd9ac442b6b3548285ac99d246e9.jpg,640,640,minibus,42,144,561,532
LI29A5EQAYF4_jpg.rf.0cb32001ff3f82747c0cf092cecbec2e.jpg,640,640,minibus,84,152,574,582
a-320-_png_jpg.rf.0c417b0f3aa373ef61c624dd4ac5c3cf.jpg,640,640,minibus,49,99,611,515
images-13-_jpg.rf.0f89afadc9a3f0e5dbc13c598c788ead.jpg,640,640,minibus,203,113,605,582
19YTRSHVQYWN_jpg.rf.110065168d50029dd79c2e24c0ef0c86.jpg,640,640,minibus,86,188,584,503
a-119-_png_jpg.rf.0e01f13e272344eaf969fabf70a7c5e9.jpg,640,640,minibus,51,125,599,497
a-179-_png_jpg.rf.1213b0a0160c91a5c505bc0f9c79e00f.jpg,640,640,minibus,106,141,525,503
WhatsApp-Image-2023-05-06-at-14-25-39_jpeg_jpg.rf.122a8ac627eeb3ea3a38d1be69988d66.jpg,640,640,minibus,177,306,240,381
a-301-_png_jpg.rf.0d875c00ea165d86c000ef542c1fde28.jpg,640,640,minibus,94,114,553,578
95MDX99PB4BV_jpg.rf.12438fd781267f0af7a6202aaa822f54.jpg,640,640,minibus,94,0,640,640
WhatsApp-Image-2023-05-06-at-14-44-20-10-Copy_jpeg_jpg.rf.12e3dfe87dbfe9d2b95829c8817f258a.jpg,640,640,minibus,232,100,640,411
J0O65XTW8M1X_jpg.rf.0eb8a34f675780a6e26c141ccf834039.jpg,640,640,minibus,21,84,640,586
WhatsApp-Image-2023-05-06-at-14-25-32-1-_jpeg_jpg.rf.105553eca794cb2b56981414a02e83f2.jpg,640,640,minibus,224,313,329,408
WhatsApp-Video-2023-05-03-at-12-28-55_out0037_jpg.rf.106336a85f20e2c9c222df281359b42c.jpg,640,640,minibus,167,165,631,425
E1ATEFSIJQT1_jpg.rf.12a8d59421803b5e8c44b9d56f8aea39.jpg,640,640,minibus,255,156,609,554
WhatsApp-Video-2023-05-03-at-12-29-37_out0010_jpg.rf.11f6c83c8c6b8345d2981940d30922d1.jpg,640,640,minibus,0,32,640,448
8OS9D8MHOE2F_jpg.rf.126b6b2584e12814a6fc0735024d02c3.jpg,640,640,minibus,55,64,581,603
C5K3E8SD2CAN_jpg.rf.12949537d0e4ebc84818e9c9f4cf0989.jpg,640,640,minibus,0,0,640,640
b-103-_png_jpg.rf.12fea6930e817129b637ae917d9313fe.jpg,640,640,minibus,186,235,508,420
WhatsApp-Image-2023-05-06-at-14-25-39_jpeg_jpg.rf.11fde7036a38f9bbd037fe9a81ca5070.jpg,640,640,minibus,177,306,240,381
a-12-_png_jpg.rf.11d7bd6e09803315c7d1967140ba73d5.jpg,640,640,minibus,25,137,633,486
4DN0XGJCS7J5_jpg.rf.11e062db1274fe64f7d6a2a1a88e679d.jpg,640,640,minibus,26,28,640,606
WhatsApp-Video-2023-05-03-at-12-28-55_out0011_jpg.rf.11816b0774e0dbe191c6ab2f4f033087.jpg,640,640,minibus,158,160,619,447
50PLZ078YMEL_jpg.rf.10f6c16d584f271bd8071f802e06e5b4.jpg,640,640,minibus,64,121,590,557
a-105-_png_jpg.rf.133d2f358579015ab6adb2389127f581.jpg,640,640,minibus,69,112,591,516
1S1W3JO1V3DO_jpg.rf.133a309ef3e43c5e0b3071735e4a879e.jpg,640,640,minibus,48,80,554,596
WhatsApp-Image-2023-05-06-at-14-44-20-10-Copy_jpeg_jpg.rf.136bcb4c29cbcd7df7d8b7f3531d668c.jpg,640,640,minibus,232,100,640,411
WhatsApp-Image-2023-05-06-at-14-25-35-1-_jpeg_jpg.rf.13ce1b530e92442220eb9eee757de7e4.jpg,640,640,minibus,217,356,340,438
WhatsApp-Image-2023-05-06-at-14-25-32-1-_jpeg_jpg.rf.140e4a73e700f37cda7965123d97191d.jpg,640,640,minibus,224,313,329,408
WhatsApp-Image-2023-05-06-at-14-25-41_jpeg_jpg.rf.14baec72cfc0e637f82edbf8562b6b66.jpg,640,640,minibus,287,378,347,438
a-169-_png_jpg.rf.14b639f2e2a63dde154ec43a840cb2b6.jpg,640,640,minibus,63,97,609,526
WhatsApp-Video-2023-05-03-at-12-29-37_out0052_jpg.rf.13866e86fc017d34d5c582fa87b97364.jpg,640,640,minibus,8,0,640,473
a-261-_png_jpg.rf.165e3dbb15f1d0431c9995cfa4ebc146.jpg,640,640,minibus,25,74,598,547
download_jpg.rf.1619d5edb8df322cb6e1f3207402719b.jpg,640,640,minibus,127,91,496,525
a-188-_png_jpg.rf.15988c7882af6551bd8ff2dad0f95386.jpg,640,640,minibus,74,146,557,509
a-202-_png_jpg.rf.150b577d8de1e46e95b22366d94bb024.jpg,640,640,minibus,36,92,511,546
WhatsApp-Video-2023-05-05-at-16-45-16_out0011_jpg.rf.16558ac219bdeeaa9bda38cdf09fe4a6.jpg,640,640,minibus,211,157,373,289
a-237-_png_jpg.rf.1536e99b803c582de9f1d2fd63bbad2b.jpg,640,640,minibus,5,108,636,526
WhatsApp-Image-2023-05-06-at-14-25-36_jpeg_jpg.rf.1594f87dac7646e2ec034160c74b24dc.jpg,640,640,minibus,251,347,342,435
2NKQ4OPJK1H0_jpg.rf.17bdb2bf89c7130c77e45e2ceb1b7150.jpg,640,640,minibus,88,69,441,505
637592036302885250_jpg.rf.166f0655b5e242d066789aadce16c0d6.jpg,640,640,minibus,168,96,502,493
RWW50X0W9FAS_jpg.rf.158e46c9376287efe225008d8c63f865.jpg,640,640,minibus,92,224,567,616
WhatsApp-Video-2023-05-03-at-12-28-55_out0011_jpg.rf.182cb4edcc8ac8ccbb4e3b68a26069a2.jpg,640,640,minibus,158,160,619,447
85S225UQE5SO_jpg.rf.172bf4d3b72baf141f5c3155a4d2cce4.jpg,640,640,minibus,31,185,515,594
WhatsApp-Image-2023-05-06-at-14-35-02_jpeg_jpg.rf.16e2e51e51637bdfd218bd7e12655fd4.jpg,640,640,minibus,243,232,342,314
53Y9W6K1LUAG_jpg.rf.16e45406d6b6ea42af339eca95533090.jpg,640,640,minibus,274,114,601,467
0BKBOLMK6H7H_jpg.rf.1427d11b30611a5e7829b08f7ebb9ddd.jpg,640,640,minibus,41,29,605,616
WhatsApp-Image-2023-05-06-at-14-44-20-1-Copy_jpeg_jpg.rf.166c28baf841cdc2fecf351943e44fa6.jpg,640,640,minibus,42,171,528,527
a-334-_png_jpg.rf.14cca97612b4ab4770694050a4e4a2ef.jpg,640,640,minibus,96,123,562,509
WhatsApp-Image-2023-05-06-at-14-44-20-6-Copy_jpeg_jpg.rf.160c267834a80a65769a01fd828734ad.jpg,640,640,minibus,237,184,429,343
WhatsApp-Image-2023-05-06-at-14-44-20-6-Copy_jpeg_jpg.rf.183271096f990864c943a7ad600b3d1c.jpg,640,640,minibus,237,184,429,343
89YRQLF561N1_jpg.rf.179b2778db169c3397a7f845b74d0d43.jpg,640,640,minibus,100,75,490,403
WhatsApp-Video-2023-05-06-at-08-25-26_out0034_jpg.rf.184a542526016b20ed41a545052bb30e.jpg,640,640,minibus,291,174,494,329
PKCAIXGEPXLY_jpg.rf.1833f7b829da9caef818cb180c83b42f.jpg,640,640,minibus,270,244,489,550
98G0PLCS3EHT_jpg.rf.18686249f710ae5afc5a70e29172ca29.jpg,640,640,minibus,466,447,602,640
98G0PLCS3EHT_jpg.rf.18686249f710ae5afc5a70e29172ca29.jpg,640,640,minibus,383,310,461,418
a-286-_png_jpg.rf.18866da0af06c14f6679cec3f4550c78.jpg,640,640,minibus,34,102,601,531
a-82-_png_jpg.rf.18897834837160999e61c49871b836e0.jpg,640,640,minibus,29,95,621,514
Nissan_Vanette_cargo_JPG_jpg.rf.18f303debd225a0b1c4d6af8140ffe6f.jpg,640,640,minibus,125,150,541,466
Nissan_Vanette_cargo_JPG_jpg.rf.18f303debd225a0b1c4d6af8140ffe6f.jpg,640,640,minibus,116,149,542,485
WhatsApp-Video-2023-05-05-at-16-45-16_out0011_jpg.rf.19a0f394f7991d0157f332cd061cf2d5.jpg,640,640,minibus,211,157,373,289
845SH8XTKR71_jpg.rf.18d931819cfece11f2705b07cd425129.jpg,640,640,minibus,12,99,583,564
WhatsApp-Image-2023-05-06-at-14-25-42_jpeg_jpg.rf.19e612577d80fbe548a54a4a1d7090cc.jpg,640,640,minibus,290,301,502,424
FYRAVM1K6EJV_jpg.rf.1b05d9b6ff770157e5c3a094a99afcd9.jpg,640,640,minibus,0,110,572,494
WhatsApp-Image-2023-05-06-at-14-35-05-1-_jpeg_jpg.rf.19d098ea0460621ecb8d7cff162656e3.jpg,640,640,minibus,148,288,333,450
a-106-_png_jpg.rf.1a43f3e6a0b9e17bacfaff9b126d5c85.jpg,640,640,minibus,42,129,609,501
WhatsApp-Image-2023-05-06-at-14-35-08-1-_jpeg_jpg.rf.19a0850525c055ac8946c9f068ab2dbf.jpg,640,640,minibus,224,185,448,334
CL9PB6QH5R26_jpg.rf.1c6f3ba1031cae25b618d4dc7155d968.jpg,640,640,minibus,325,302,640,538
845SH8XTKR71_jpg.rf.19fa4e16336dd167044c2da3de597d6e.jpg,640,640,minibus,12,99,583,564
a-318-_png_jpg.rf.1c6aae6c50f59190e6e1e16fb464cc34.jpg,640,640,minibus,130,240,556,485
P2T1VN8C4M3O_jpg.rf.1ae28691603e0eac226b48003c9432bf.jpg,640,640,minibus,18,111,606,517
WhatsApp-Video-2023-05-03-at-12-29-37_out0084_jpg.rf.1ade4458798307ed59679f0e491b33a9.jpg,640,640,minibus,68,31,640,584
a-195-_png_jpg.rf.1ab3cae8ba7538292ea35b55244a536a.jpg,640,640,minibus,91,79,567,526
a-138-_png_jpg.rf.1cbc547e91fc53b8f6f11cf83e17801f.jpg,640,640,minibus,135,198,507,463
WhatsApp-Image-2023-05-06-at-14-25-39_jpeg_jpg.rf.1b6357e5e43710f4db02e1267413cc74.jpg,640,640,minibus,177,306,240,381
WhatsApp-Video-2023-05-06-at-08-25-26_out0007_jpg.rf.19cbbfa034407ca59f6c3db9de14089d.jpg,640,640,minibus,152,4,355,132
2VDHOHNYCDF8_jpg.rf.1cabd9194ede4fc6381129745c91dddf.jpg,640,640,minibus,0,4,632,634
images-5-_jpg.rf.1b85234e7a49922fdda19a4ea8ade183.jpg,640,640,minibus,177,0,634,543
95XE42AKWJQK_jpg.rf.1b225ea4220e5cef26ae4bd6f22613da.jpg,640,640,minibus,139,14,580,628
431CRS2K0WA4_jpg.rf.1d8b6e2bac81436fddc1fcd22a9f5313.jpg,640,640,minibus,24,88,618,551
WhatsApp-Video-2023-05-03-at-12-29-37_out0039_jpg.rf.1b02e9b6a396fcfa0c34ab77c96efe97.jpg,640,640,minibus,32,34,640,480
8O0P95HWAL8C_jpg.rf.1a78e716e5423c0b305ab0ba7c85d343.jpg,640,640,minibus,112,238,479,550
WhatsApp-Video-2023-05-03-at-12-28-55_out0009_jpg.rf.1ddc3a04a79236d27cf42d3a9afb7193.jpg,640,640,minibus,169,182,603,455
6M7KH07DFKCR_jpg.rf.1cea24b13bef48633061ef0201fa8f67.jpg,640,640,minibus,161,166,608,524
WhatsApp-Image-2023-05-06-at-14-45-21_jpeg_jpg.rf.1d1d5d699b8176c668fcb79021b767db.jpg,640,640,minibus,240,246,520,416
WhatsApp-Image-2023-05-06-at-14-25-32_jpeg_jpg.rf.1e9f25d5c968d694908f7c98788c0149.jpg,640,640,minibus,216,317,585,540
a-233-_png_jpg.rf.1d0d934df5f9efe752b03e41f52f7304.jpg,640,640,minibus,27,148,614,516
WhatsApp-Image-2023-05-06-at-14-25-35_jpeg_jpg.rf.1fd27908b95b3dba951b90000e4a6ada.jpg,640,640,minibus,0,304,569,610
a-36-_png_jpg.rf.1e245f0512b0cea31c46c8f42112c268.jpg,640,640,minibus,49,158,592,555
K4NB5ED8TJJM_jpg.rf.1f1a1fa056648e7fc7f276b65f575e48.jpg,640,640,minibus,0,0,640,616
WhatsApp-Video-2023-05-03-at-12-28-55_out0029_jpg.rf.2092ab2218bd216e612b8ff6fb212f00.jpg,640,640,minibus,91,135,574,411
WhatsApp-Image-2023-05-06-at-14-25-35-2-_jpeg_jpg.rf.212d761b8a731f054b63ced223661501.jpg,640,640,minibus,266,358,361,439
85QXW7QZISKM_jpg.rf.1ff44f21f8c86314a617061d37e174a3.jpg,640,640,minibus,2,0,640,593
WhatsApp-Video-2023-05-03-at-12-29-37_out0052_jpg.rf.2067ac0a5f08c572a45adbbc2f15eebc.jpg,640,640,minibus,8,0,640,473
a-301-_png_jpg.rf.21ad5c402ac867c201f83eb1f09e7074.jpg,640,640,minibus,94,114,553,578
a-334-_png_jpg.rf.2022c222bf8e9e4c2af6d0ccfdc3d2c6.jpg,640,640,minibus,96,123,562,509
RGHXEZ9BZVT7_jpg.rf.21d5cb262896c917eb179c51a190d429.jpg,640,640,minibus,28,226,626,585
a-153-_png_jpg.rf.21c820fcd8d0c66440573c897407e148.jpg,640,640,minibus,118,122,518,556
B8RZ2B97NWFV_jpg.rf.1f5e3f528a01b54b79c32f792af82877.jpg,640,640,minibus,38,127,608,496
IM03SGIY6U91_jpg.rf.228af72dbab5a72a9862cba4608bb33b.jpg,640,640,minibus,43,76,628,514
C5K3E8SD2CAN_jpg.rf.1fbe851f658923d26ac7a537ba9c3979.jpg,640,640,minibus,0,0,640,640
C0JO3EDYA5P4_jpg.rf.217395107cba6fa28fd07e1873b3c2ce.jpg,640,640,minibus,0,0,640,640
WhatsApp-Image-2023-05-06-at-14-25-32_jpeg_jpg.rf.21f89f5ac41afb077865a2f458f231ed.jpg,640,640,minibus,216,317,585,540
a-179-_png_jpg.rf.1fcce9d5ef93881a90b97fd4da7bf975.jpg,640,640,minibus,106,141,525,503
DGLV5SLCSHBY_jpg.rf.22b3bb569f2f6b0825545e660ec08896.jpg,640,640,minibus,0,0,640,640
KIWCEA3YPMM8_jpg.rf.21c9677f7a2b35a17e3d8b1088c25a83.jpg,640,640,minibus,6,93,640,549
2-13_jpg.rf.21dee55841ee56282a15ad2d24621248.jpg,640,640,minibus,108,190,599,484
a-80-_png_jpg.rf.23dbb23f6f764f681b6e635a4de13b0a.jpg,640,640,minibus,133,82,640,558
AVLDB6112SG2_jpg.rf.23ebd80d8c3761b74e955dc6a167e80b.jpg,640,640,minibus,170,13,510,542
DRX281ACGXYA_jpg.rf.219f09d400c342b0a122f10dd3980175.jpg,640,640,minibus,100,131,550,585
1HHV8HB1XKQA_jpg.rf.21c08f1dc2baf85bb87b8157d237ffa7.jpg,640,640,minibus,98,122,509,565
0TL8UUS03P7J_jpg.rf.22fe39f2999136c1cd97417a7ea1e1f9.jpg,640,640,minibus,22,205,626,556
0BKBOLMK6H7H_jpg.rf.24fcb80a983d3856de35c5b7916dc80d.jpg,640,640,minibus,41,29,605,616
nissan-vanette-cargo-brussels-belgium-august-japanese-van-ci_jpg.rf.241f43812140bf7e6be8a35213239563.jpg,640,640,minibus,66,179,447,533
download-4-_jpg.rf.25b2ad2327b81db28e84c826998b0e5c.jpg,640,640,minibus,81,69,482,540
S4XT3E90OL46_jpg.rf.25cac090d8b7373d8bea67f886d7996f.jpg,640,640,minibus,47,0,594,640
1280px-NISSAN_VANETTE_VAN_GL_jpg.rf.2723a54a1e6ea00a04fd13f708e351e1.jpg,640,640,minibus,81,28,557,526
WhatsApp-Image-2023-05-06-at-14-35-04-1-_jpeg_jpg.rf.26014efa99c71f285674679e5e821157.jpg,640,640,minibus,76,219,423,498
5DNVAQI0OXU5_jpg.rf.2766db4e7b698cdf53bc846189849032.jpg,640,640,minibus,0,0,367,391
7AKLW4KJ5574_jpg.rf.27b2370075bcc541fd2283235d8762c6.jpg,640,640,minibus,43,70,588,578
WhatsApp-Video-2023-05-03-at-12-29-37_out0019_jpg.rf.2975d5f69419c65d4ae10465b15770ce.jpg,640,640,minibus,62,34,640,459
4RJPNS885ENF_jpg.rf.28951b661c3b4f6fc0ef13d43f6cad8c.jpg,640,640,minibus,0,143,640,601
31X7METPKNFL_jpg.rf.25437e927ed50956bf3879dbb5b7d411.jpg,640,640,minibus,2,38,640,619
a-390-_png_jpg.rf.286b1bc11905d8e04866b39c4a5e7709.jpg,640,640,minibus,37,154,597,444
5W0SG7MP3M0N_jpg.rf.2742f4a347fbccb607cba3b3be14e8ff.jpg,640,640,minibus,45,25,618,606
9RGB95BGPH7K_jpg.rf.243ea08db9bf154522f7c4293cf18ce4.jpg,640,640,minibus,42,105,564,596
WhatsApp-Image-2023-05-06-at-14-35-08-1-_jpeg_jpg.rf.25bb3c18173f5beaea320fc6cfa9f4ab.jpg,640,640,minibus,224,185,448,334
WhatsApp-Video-2023-05-05-at-16-45-16_out0015_jpg.rf.298df95befa6d7778dfc4c6882db3ee8.jpg,640,640,minibus,164,170,343,286
a-237-_png_jpg.rf.2613376a37eb5b81564bda34f9c6b808.jpg,640,640,minibus,5,108,636,526
a-106-_png_jpg.rf.29e92029b9726b22b1ab7e5797f290cf.jpg,640,640,minibus,42,129,609,501
BHTOT8SGI4SX_jpg.rf.28f30d85303f0116a8f15031d9efafa3.jpg,640,640,minibus,10,32,640,602
a-72-_png_jpg.rf.2771dd7b3109bb734d3235148e736f16.jpg,640,640,minibus,193,173,530,418
a-280-_png_jpg.rf.267bffb064269578e369bf33ac4bdbef.jpg,640,640,minibus,66,137,569,509
a-396-_png_jpg.rf.29e2ca35269fa4a4d49c0fcdbe60da59.jpg,640,640,minibus,50,111,559,563
WhatsApp-Video-2023-05-06-at-08-25-26_out0032_jpg.rf.2b78026bcc3918e6cbd2edd40b0f8a85.jpg,640,640,minibus,421,214,619,367
a-363-_png_jpg.rf.2a664fd0a466fcc0ac239e978710599f.jpg,640,640,minibus,84,138,574,499
5L3AB2HFCJ7D_jpg.rf.25cedec1c17d850c5824dbd229f6ebd8.jpg,640,640,minibus,109,149,546,574
WhatsApp-Video-2023-05-03-at-12-29-37_out0062_jpg.rf.2b2d24abf902f9d6a2d5f13e22352f9c.jpg,640,640,minibus,26,0,639,520
8YP6684OT9GZ_jpg.rf.2b0ebae944dc03f1499250ade179e8f1.jpg,640,640,minibus,30,118,615,545
a-157-_png_jpg.rf.2993819b1fe6c7b1f498c2782ccef4fe.jpg,640,640,minibus,149,115,596,442
431CRS2K0WA4_jpg.rf.2b8eb71dea7587e674418ba39f74cdc5.jpg,640,640,minibus,24,88,618,551
NJ2II10WY7C8_jpg.rf.2e89c561b275d8335a39300b579406a3.jpg,640,640,minibus,2,33,640,630
6NWZH6P8AR1J_jpg.rf.2db1a48d49052b14efb01e9cd35acbf0.jpg,640,640,minibus,90,122,554,486
WhatsApp-Video-2023-05-03-at-12-29-37_out0039_jpg.rf.2eb552e45631a4f8f0d0d9e15ade332f.jpg,640,640,minibus,32,34,640,480
AVLDB6112SG2_jpg.rf.2bbdc62ced1e10b790e6a14ac82dc9e3.jpg,640,640,minibus,170,13,510,542
WhatsApp-Video-2023-05-06-at-08-25-26_out0037_jpg.rf.2e27f2a59a05a149b90b0d0f3d9d4772.jpg,640,640,minibus,409,0,640,166
G1OG5YP4SLLY_jpg.rf.2da6a151dbaff4b81a274e01e038e1b5.jpg,640,640,minibus,113,97,589,583
a-129-_png_jpg.rf.2c2e84fb179000aac693db1212b4d644.jpg,640,640,minibus,45,118,625,512
a-262-_png_jpg.rf.32136c97f7cdaf2cd70206bffc139e4c.jpg,640,640,minibus,10,117,631,521
12I5CY2IFME0_jpg.rf.302ddb17b8d8c906be84f997454a1e19.jpg,640,640,minibus,351,11,640,519
a-104-_png_jpg.rf.303c3a6d4ed94f0c02baa3e18197f4d3.jpg,640,640,minibus,180,164,486,481
76KIHVO60PFT_jpg.rf.2cf251526f4a6b9ad61838ea0f24cf06.jpg,640,640,minibus,118,151,557,541
6H39OPHCXA11_jpg.rf.314c1aec829b14089fb7f23358eef7ae.jpg,640,640,minibus,35,63,613,611
0KCBKJEELD8Z_jpg.rf.2bb30a697e86bc0e0a23439175baed88.jpg,640,640,minibus,0,21,640,494
a-148-_png_jpg.rf.2db1840fc74be1c54f3bb89188ac5a18.jpg,640,640,minibus,26,80,597,542
6OP1KE2INNL8_jpg.rf.313b81a8bebc23b255c13deb59ac9f92.jpg,640,640,minibus,12,91,640,588
WhatsApp-Image-2023-05-06-at-14-25-36_jpeg_jpg.rf.303b5507824b0ca5d3b7e7b45d448926.jpg,640,640,minibus,251,347,342,435
WhatsApp-Image-2023-05-06-at-14-25-32-1-_jpeg_jpg.rf.306bc6c741f8d6752f97f6d7d27b2cad.jpg,640,640,minibus,224,313,329,408
a-138-_png_jpg.rf.30d78d9cdbd6b03a0fcf612a820867d0.jpg,640,640,minibus,135,198,507,463
WhatsApp-Video-2023-05-03-at-12-29-37_out0010_jpg.rf.2fc545e8c57c06f46cc99f8fe3b5bd44.jpg,640,640,minibus,0,32,640,448
0KCBKJEELD8Z_jpg.rf.2e9e01457b122526b338a0e378067147.jpg,640,640,minibus,0,21,640,494
a-40-_png_jpg.rf.32da8437af87423c07e507e9c15e9b7e.jpg,640,640,minibus,31,202,617,493
LIP7EUPJUB2J_jpg.rf.311d7f95e6edc03bd222f792390978f4.jpg,640,640,minibus,102,164,598,526
8O0P95HWAL8C_jpg.rf.332a8860ca0dede01aa5c81a80067302.jpg,640,640,minibus,112,238,479,550
CXH8GGTTGL7L_jpg.rf.33c95e660285202e161acf0412b78686.jpg,640,640,minibus,143,212,373,483
WhatsApp-Video-2023-05-03-at-12-29-37_out0084_jpg.rf.345b42ae4379a7587fe763b226357db4.jpg,640,640,minibus,68,31,640,584
a-163-_png_jpg.rf.33639cdde0d2eb4792b4e3ec891791ab.jpg,640,640,minibus,46,199,604,498
4DN0XGJCS7J5_jpg.rf.337cb948677a816522e64ffbebac63e1.jpg,640,640,minibus,26,28,640,606
download_jpg.rf.32f5a89820bf671dbe1bb0dfcb3a0a0f.jpg,640,640,minibus,127,91,496,525
WhatsApp-Video-2023-05-03-at-12-29-37_out0078_jpg.rf.341eaf9109a4ede60b0b1b10b1fce035.jpg,640,640,minibus,54,11,640,582
WhatsApp-Video-2023-05-06-at-08-25-26_out0092_jpg.rf.357e8bc7ffb0d8bd687eb462cf546070.jpg,640,640,minibus,118,54,461,227
a-63-_png_jpg.rf.34afe646a8d016e43fc7e17b7627e266.jpg,640,640,minibus,27,136,631,509
WhatsApp-Image-2023-05-06-at-14-35-02_jpeg_jpg.rf.346d46b7d00212ba58d577d8a19a0bfc.jpg,640,640,minibus,243,232,342,314
M3K6LB62L1RD_jpg.rf.34730c68de81b8cd519ba911426bfe50.jpg,640,640,minibus,1,1,640,639
8CPRJCECOD4N_jpg.rf.33bb2ef157726d3bb6ab035fe21fd184.jpg,640,640,minibus,37,235,450,637
a-318-_png_jpg.rf.b85fcef1fbd545739f4f499666fad859.jpg,640,640,minibus,130,240,556,485
WhatsApp-Video-2023-05-03-at-12-28-55_out0038_jpg.rf.b8eced8991b3bcc784bdecee182a4a10.jpg,640,640,minibus,192,171,637,430
WhatsApp-Image-2023-05-06-at-14-25-42_jpeg_jpg.rf.b897afd409bf353aede54abd2e0eafe4.jpg,640,640,minibus,290,301,502,424
a-12-_png_jpg.rf.b7d667f6e5861a1472b285947775709c.jpg,640,640,minibus,25,137,633,486
764QCCUIS8EW_jpg.rf.b8919b20e730937b9901e45921dd3736.jpg,640,640,minibus,64,203,569,572
C0JO3EDYA5P4_jpg.rf.b7f04c6ddaf8d012971b5d4a73bff7d5.jpg,640,640,minibus,0,0,640,640
6J9L3H8I24DE_jpg.rf.b87658b3493b01312f503ded36e2c8aa.jpg,640,640,minibus,87,246,597,454
9RGB95BGPH7K_jpg.rf.b876c1857af53901f9343b616eb9cb04.jpg,640,640,minibus,42,105,564,596
WhatsApp-Image-2023-05-06-at-14-44-20-5-Copy_jpeg_jpg.rf.b7a36895ea9a5e7e0fbcab2c3bd741a4.jpg,640,640,minibus,282,137,509,338
a-169-_png_jpg.rf.b7c28f58ebaad3690dc17257352755cf.jpg,640,640,minibus,63,97,609,526
BXD958079KCF_jpg.rf.bcde3d5ae8440505df2ddbab2f1875c9.jpg,640,640,minibus,46,0,574,640
1280px-NISSAN_VANETTE_VAN_GL_jpg.rf.ba5f0a658225fee9fd6952b57d39c484.jpg,640,640,minibus,81,28,557,526
RGHXEZ9BZVT7_jpg.rf.b7baa523ea654b2724fdd1b8ecbc3d5f.jpg,640,640,minibus,28,226,626,585
WhatsApp-Video-2023-05-03-at-12-28-55_out0029_jpg.rf.b9afab8e980fcb82db1d2d2041d9574a.jpg,640,640,minibus,91,135,574,411
CUTG6E6JK1O5_jpg.rf.b8e130194d994040866265956e5d128e.jpg,640,640,minibus,22,37,609,566
a-105-_png_jpg.rf.bb3805a34c7dd187f5da54f87c7ca447.jpg,640,640,minibus,69,112,591,516
4AN8Y7ZN0NCA_jpg.rf.ba17bd7e3f4324a3ef5e96f2bb9d6bd8.jpg,640,640,minibus,0,0,640,640
a-138-_png_jpg.rf.bbc6fbafc27402a364f42f7237d934fa.jpg,640,640,minibus,135,198,507,463
a-160-_png_jpg.rf.ba3ba29dffff5600e6cf8929962fa10b.jpg,640,640,minibus,53,111,588,509
7AKLW4KJ5574_jpg.rf.baf2e6f2cf5ca6cd8687ceabe8bd7f04.jpg,640,640,minibus,43,70,588,578
WhatsApp-Video-2023-05-03-at-13-07-39_out0010_jpg.rf.bab9b2baa1ea30f4ae0208b026e59bc1.jpg,640,640,minibus,155,114,549,381
WhatsApp-Video-2023-05-03-at-12-28-55_out0030_jpg.rf.bcc436d28f8f18e23a97a96e03e87ef2.jpg,640,640,minibus,121,132,610,416
8SEFJ5JYQ3C0_jpg.rf.ba3bdcfb4f07c61a2d7b730d3b34fb08.jpg,640,640,minibus,101,73,516,520
images-123_jpg.rf.bb7fa496dc4b6247489c86f0e0ea41b7.jpg,640,640,minibus,179,52,462,503
8YP6684OT9GZ_jpg.rf.bcde177397c58ad9dcbdbb2c646a0d2a.jpg,640,640,minibus,30,118,615,545
9VOEK11PM6AW_jpg.rf.bdaa7916fd08a51728d6d2eb52e62011.jpg,640,640,minibus,62,153,577,557
a-80-_png_jpg.rf.be54a07552be1a01e706c6b034ec8499.jpg,640,640,minibus,133,82,640,558
352EIEAXOBOQ_jpg.rf.be86d1e8369b85a5cc50c3fc7bd51b2e.jpg,640,640,minibus,24,72,616,587
0YSXQ1RGMEIV_jpg.rf.bdf18f87124946cdde59f8919646765f.jpg,640,640,minibus,163,209,608,476
download-2-_jpg.rf.c119f8dac6f180209a35b2cbcc1398d7.jpg,640,640,minibus,118,2,383,609
download-2-_jpg.rf.c119f8dac6f180209a35b2cbcc1398d7.jpg,640,640,minibus,462,262,615,457
WhatsApp-Image-2023-05-06-at-14-25-32_jpeg_jpg.rf.c1684f60374a95f4ac2abac2b5984abb.jpg,640,640,minibus,216,317,585,540
4NUQUFR7ZAVL_jpg.rf.bdd91f52d9096ea08154108c20baa4ec.jpg,640,640,minibus,0,140,411,483
WhatsApp-Image-2023-05-06-at-14-44-20-10-Copy_jpeg_jpg.rf.bea0aa36b4e43e2cc99d07613b5f64b2.jpg,640,640,minibus,232,100,640,411
a-148-_png_jpg.rf.c23912c4e78e7f8b1680959a98c04a35.jpg,640,640,minibus,26,80,597,542
a-320-_png_jpg.rf.c2183f2d146dc9e80cecb69db428ac01.jpg,640,640,minibus,49,99,611,515
a-153-_png_jpg.rf.c31d205bf72a4d0806194a6f0ebbc93b.jpg,640,640,minibus,118,122,518,556
5Q2PI549YJ14_jpg.rf.c0b0e1dc4144ac76ff694e2fb907cb43.jpg,640,640,minibus,25,147,600,503
6M7KH07DFKCR_jpg.rf.c381c3b80f02749a349f2e215ea8b6c2.jpg,640,640,minibus,161,166,608,524
WhatsApp-Image-2023-05-06-at-14-44-20-3-Copy_jpeg_jpg.rf.be22302ea149a467fb09d6018106d110.jpg,640,640,minibus,209,167,478,405
LIP7EUPJUB2J_jpg.rf.bf89ba52cf687b07447b716357fa0d48.jpg,640,640,minibus,102,164,598,526
F7752EOWKL43_jpg.rf.c1ebc64cd1a6569540248e12ebac8787.jpg,640,640,minibus,116,73,640,488
89YRQLF561N1_jpg.rf.c52c2a335291ae607095459d546de1a1.jpg,640,640,minibus,100,75,490,403
QOTZG1LI27TL_jpg.rf.c302de8cfada81058e2458bcf4895d13.jpg,640,640,minibus,47,88,633,541
DGLV5SLCSHBY_jpg.rf.c1518bffada91ac09609cb513d90108b.jpg,640,640,minibus,0,0,640,640
5B211Z5816I2_jpg.rf.c40d7624ded8184d3eecd52be638157a.jpg,640,640,minibus,0,0,640,640
images-5-_jpg.rf.bfd73394ca9d06979d24ae75d6338a39.jpg,640,640,minibus,177,0,634,543
KU3T1ZUOPZ91_jpg.rf.c4cc291dfffe5c83210278e76ac9f61b.jpg,640,640,minibus,7,0,640,587
DSMRG7I1VHCB_jpg.rf.c0bd93ba3629e50ac05f3e0e8bd1fff9.jpg,640,640,minibus,133,86,563,565
BB5KHBJJYC57_jpg.rf.c5bbbb08752c1571223f048ba6c82709.jpg,640,640,minibus,8,19,578,613
WhatsApp-Video-2023-05-03-at-12-28-55_out0029_jpg.rf.c4489bc0d1710af78e5411e742d67dfb.jpg,640,640,minibus,91,135,574,411
a-104-_png_jpg.rf.c329fb4e2d8d949c5de8d8fb0fe4dff7.jpg,640,640,minibus,180,164,486,481
a-151-_png_jpg.rf.c707d7f9d822294223944492ebf52712.jpg,640,640,minibus,49,98,590,541
LBNP3KTAUNAE_jpg.rf.c76116cc381650e9b74402362d9821e7.jpg,640,640,minibus,47,201,589,590
WhatsApp-Image-2023-05-06-at-14-35-04-1-_jpeg_jpg.rf.c835d994f9e8ce7d067b7fd43bca647d.jpg,640,640,minibus,76,219,423,498
DY6WUQZ7S7LN_jpg.rf.c5ed64e6eeadf2bb2a11d725f9b4b505.jpg,640,640,minibus,4,54,640,476
WhatsApp-Video-2023-05-03-at-12-28-55_out0030_jpg.rf.c7752af8d56e73062fdcb3fb98d8702a.jpg,640,640,minibus,121,132,610,416
WhatsApp-Image-2023-05-06-at-14-35-08-1-_jpeg_jpg.rf.c5c35956e2c5a1564bf8636ae603a182.jpg,640,640,minibus,224,185,448,334
a-51-_png_jpg.rf.c8b879bc56594bdc9f2d2cf5aef7fe1e.jpg,640,640,minibus,65,128,608,526
I2D2SQD7TX6J_jpg.rf.ca4f95a78a1bc078d275bc6975331cf9.jpg,640,640,minibus,8,124,601,552
a-177-_png_jpg.rf.ca0b244010d2cb9400dad0c2290a32b4.jpg,640,640,minibus,51,130,611,515
KMP146XE1EJ6_jpg.rf.c659f8e37773c26dec582ae2a7fc1d17.jpg,640,640,minibus,57,72,529,578
6VB9EKL9NLOP_jpg.rf.ca4cb917ba4b8161f86bc4314c667249.jpg,640,640,minibus,115,177,640,569
B8RZ2B97NWFV_jpg.rf.c89abd3bdacf2406c7f44b2d33161c88.jpg,640,640,minibus,38,127,608,496
FYRAVM1K6EJV_jpg.rf.c987c87b035aa12e94721b775fff0dcb.jpg,640,640,minibus,0,110,572,494
RWW50X0W9FAS_jpg.rf.c9c8dbb026b134b82d851bf6fdd60459.jpg,640,640,minibus,92,224,567,616
7XR977L5IF0S_jpg.rf.c5c3f0829c81800cf37a75b895b3a09b.jpg,640,640,minibus,145,174,518,555
a-64-_png_jpg.rf.c9b51e35aeddf43882323e55b2db76dd.jpg,640,640,minibus,55,94,587,489
6MGTMO0APZ8Y_jpg.rf.c8c45805199176a90bb2fd476b99f279.jpg,640,640,minibus,20,77,484,564
a-398-_png_jpg.rf.cb5d4ce14c92de994a7f1bb7f5ee1801.jpg,640,640,minibus,75,46,579,518
0FE6TRPCU3PC_jpg.rf.c8ba51cd99be3f85f026927b152fa170.jpg,640,640,minibus,97,353,526,598
a-168-_png_jpg.rf.c8114af3a91b41d8e74425ca558f2cc7.jpg,640,640,minibus,36,116,619,518
DWR2E66L6WMN_jpg.rf.c8495edaabebff2584cc7b57e932dfd7.jpg,640,640,minibus,46,169,547,597
WhatsApp-Video-2023-05-05-at-16-45-16_out0023_jpg.rf.cbf114ff2e2e3e5d083066b3b083b921.jpg,640,640,minibus,197,109,421,251
WhatsApp-Video-2023-05-05-at-16-45-16_out0028_jpg.rf.c95eb64239d8a6f13a1cd68962f2a12f.jpg,640,640,minibus,234,104,464,264
images-5-_jpg.rf.c8783dd7518f7e6a64738b668d8c9e6d.jpg,640,640,minibus,177,0,634,543
a-352-_png_jpg.rf.cafef51f42ff8ddd052ad3e06c856439.jpg,640,640,minibus,132,151,508,537
WhatsApp-Video-2023-05-03-at-12-29-37_out0083_jpg.rf.cdf5e32043b52f3b72217f6b512f9237.jpg,640,640,minibus,68,38,640,550
0TL8UUS03P7J_jpg.rf.cd3562ce453342db677f4bd4330370d1.jpg,640,640,minibus,22,205,626,556
WhatsApp-Image-2023-05-06-at-14-34-56_jpeg_jpg.rf.cdfca6a623bd7f2a31b0c2eea6217745.jpg,640,640,minibus,178,248,381,396
a-119-_png_jpg.rf.cddbb5b01fb71c38c2c78a89e7803858.jpg,640,640,minibus,51,125,599,497
0KCBKJEELD8Z_jpg.rf.cfe1c52eae212de193539601a3c53343.jpg,640,640,minibus,0,21,640,494
b-103-_png_jpg.rf.cd4f4155305cd933f75c567e53a8ab1f.jpg,640,640,minibus,186,235,508,420
CXH8GGTTGL7L_jpg.rf.d2ec2fd504f4b9d7550d8e7764a57f7b.jpg,640,640,minibus,143,212,373,483
0SHW4K27B2J9_jpg.rf.d28a6aa1eb8160db4aa45f5da28ad003.jpg,640,640,minibus,0,83,500,609
6MGTMO0APZ8Y_jpg.rf.cddcfc0222de6570ab557a6417ac8226.jpg,640,640,minibus,20,77,484,564
a-346-_png_jpg.rf.d39cb5eb12ebcbd0dbaaddd635016ac3.jpg,640,640,minibus,22,135,630,560
845SH8XTKR71_jpg.rf.ce21f09cf26013916ee668f990e7ed67.jpg,640,640,minibus,12,99,583,564
WhatsApp-Video-2023-05-03-at-12-28-55_out0035_jpg.rf.d41910a7fc7a2c94f0014f2d8e9e1b03.jpg,640,640,minibus,170,154,607,405
WhatsApp-Video-2023-05-05-at-16-45-16_out0023_jpg.rf.ce90e24cd61cbf439c2945c87e7c09f4.jpg,640,640,minibus,197,109,421,251
KIWCEA3YPMM8_jpg.rf.d04c955561fd2e1d6f551a9e9e955305.jpg,640,640,minibus,6,93,640,549
2NKQ4OPJK1H0_jpg.rf.d42c3a1f4f38898d924b0ba0cd486e5c.jpg,640,640,minibus,88,69,441,505
a-168-_png_jpg.rf.d18ff0dd1d833f7334783e04576eeec4.jpg,640,640,minibus,36,116,619,518
a-119-_png_jpg.rf.d4a63a6e48846a2feaf44068486e178b.jpg,640,640,minibus,51,125,599,497
WhatsApp-Video-2023-05-06-at-08-25-26_out0027_jpg.rf.cc4b2c0fe4600738b340252021907ce5.jpg,640,640,minibus,361,158,552,317
a-63-_png_jpg.rf.d077348ff5391e37fc580ef0e7a180a1.jpg,640,640,minibus,27,136,631,509
a-396-_png_jpg.rf.d00735e39b9cf06f55629558a552efe0.jpg,640,640,minibus,50,111,559,563
NOMTUO7SBTFX_jpg.rf.d04feb19f7f2e9b587ecd53b24aedec4.jpg,640,640,minibus,58,123,579,470
77MJEV56DKZ8_jpg.rf.d011b046b5637a463dd6f48b13910c07.jpg,640,640,minibus,49,204,640,598
a-379-_png_jpg.rf.d2a10d487af59547f8e801f2a27a4d6f.jpg,640,640,minibus,173,161,492,530
WhatsApp-Image-2023-05-06-at-14-26-08-2-_jpeg_jpg.rf.ccbb684e68fd745d8b511b4e54a6c710.jpg,640,640,minibus,248,224,486,386
WhatsApp-Image-2023-05-06-at-14-44-20-1-Copy_jpeg_jpg.rf.d4b61c5b603af70e6e5e7e1434ca8304.jpg,640,640,minibus,42,171,528,527
WhatsApp-Video-2023-05-03-at-12-28-55_out0030_jpg.rf.d4e57da1d2410c01bfcbff5f25e62405.jpg,640,640,minibus,121,132,610,416
8SEFJ5JYQ3C0_jpg.rf.d51f1ba14c612d4a8deb6746e0967784.jpg,640,640,minibus,101,73,516,520
4NUQUFR7ZAVL_jpg.rf.cc1173fdb441a7c3ab563ec86fae4c4d.jpg,640,640,minibus,0,140,411,483
WhatsApp-Image-2023-05-06-at-14-25-35_jpeg_jpg.rf.d59ac0abcc0f21bae5e43dfac675038a.jpg,640,640,minibus,0,304,569,610
AUO2D8OVZXEW_jpg.rf.d55674ae45eaf90b1d1517d7c4a970a9.jpg,640,640,minibus,49,163,640,506
9RGB95BGPH7K_jpg.rf.d53fe21fbcb0b3cb6201cccfef9d7000.jpg,640,640,minibus,42,105,564,596
WhatsApp-Video-2023-05-03-at-12-29-37_out0039_jpg.rf.d654c3171879d4cc6cd3538c909ec7ae.jpg,640,640,minibus,32,34,640,480
BXD958079KCF_jpg.rf.d713a6ab556a7e1669b19e9228de6c45.jpg,640,640,minibus,46,0,574,640
a-96-_png_jpg.rf.d725eb7db3292fa07052ccb0027e3901.jpg,640,640,minibus,62,132,598,511
WhatsApp-Image-2023-05-06-at-14-25-32-1-_jpeg_jpg.rf.d63b15857ecdd2bc33f56f549054a4f2.jpg,640,640,minibus,224,313,329,408
a-179-_png_jpg.rf.d9555b7c2d7e09e18fc9fe91ce177bad.jpg,640,640,minibus,106,141,525,503
JCWRVXJSA3BY_jpg.rf.d69ad08db4aab1134ef43e671f0acb99.jpg,640,640,minibus,58,0,606,620
0N2Q3I6ICLTD_jpg.rf.d8b4040611f35d2b2ea0dc15604f108a.jpg,640,640,minibus,0,9,640,640
0BKBOLMK6H7H_jpg.rf.d85b3e58236694798bdef73e9936e0c3.jpg,640,640,minibus,41,29,605,616
a-163-_png_jpg.rf.d8daced359a5bd0a5f8c31eb34483822.jpg,640,640,minibus,46,199,604,498
LKTO8EMPB0SA_jpg.rf.d84b9bf046ca0355c61673a44150725e.jpg,640,640,minibus,83,164,587,595
LKTO8EMPB0SA_jpg.rf.d86bb02919381306f443c96aa58e59ec.jpg,640,640,minibus,83,164,587,595
44BHEXK4NCQV_jpg.rf.dccf169230a05a4d6b28bfcfab51c574.jpg,640,640,minibus,2,222,384,481
a-12-_png_jpg.rf.dd4189219a27e1002d7bee2589ad9789.jpg,640,640,minibus,25,137,633,486
WhatsApp-Image-2023-05-06-at-14-42-42_jpeg_jpg.rf.dc0078e2eeff03ca0be1620d9602dafd.jpg,640,640,minibus,188,270,540,472
0SHW4K27B2J9_jpg.rf.d6a9520cd425c4eda8b2138ef0c26a80.jpg,640,640,minibus,0,83,500,609
27TPJDVRX0TP_jpg.rf.d8edc99444243ae8b268559ee4061480.jpg,640,640,minibus,76,68,480,605
C0JO3EDYA5P4_jpg.rf.d95bcb22836b458fd660ca6f56702f5c.jpg,640,640,minibus,0,0,640,640
a-362-_png_jpg.rf.d8d64b44e111f7f7aafa74937afcaa2b.jpg,640,640,minibus,71,104,587,523
r13rdc2r33cwdqztnzp5asoy6c683eng_jpg.rf.dd0250d937f23ee7518f8c498506a9d4.jpg,640,640,minibus,177,29,527,515
AK_BlueC22NissanVanetteB_IG_jpg.rf.dc8bc2c6b4db9699096f7849bc5c4770.jpg,640,640,minibus,63,204,577,558
F7752EOWKL43_jpg.rf.dab68d0a161a56373e9254592369bf7b.jpg,640,640,minibus,116,73,640,488
a-233-_png_jpg.rf.da5a7bfa1983ee520d79d97b6561abee.jpg,640,640,minibus,27,148,614,516
WhatsApp-Image-2023-05-06-at-14-35-02_jpeg_jpg.rf.dd143d54b53d448b9544c6570d3f812b.jpg,640,640,minibus,243,232,342,314
WhatsApp-Video-2023-05-03-at-12-29-37_out0052_jpg.rf.db4089fc2a28451ea1503922a665958f.jpg,640,640,minibus,8,0,640,473
93J7CJZKKN8F_jpg.rf.da4475f9212ce0c3ed37266efeb5a893.jpg,640,640,minibus,10,12,640,640
7623CO9ZBBQC_jpg.rf.dd5398f6224716d3ed424fc8a05cac78.jpg,640,640,minibus,86,123,548,568
19YTRSHVQYWN_jpg.rf.dd8024dd8592e46d94b13eb53a5424ba.jpg,640,640,minibus,86,188,584,503
a-162-_png_jpg.rf.de03f462b59233112fa12badd6a1cb98.jpg,640,640,minibus,1,182,561,537
4UED7FLYU03T_jpg.rf.dea825ff9c26d68e358ee0415e75ca7d.jpg,640,640,minibus,102,201,399,501
a-344-_png_jpg.rf.de1cf4b755b11fb8315466ab6291b3a8.jpg,640,640,minibus,73,82,640,554
B5SDXW094UMI_jpg.rf.e1d2e5a038160b71f8a01a2e812e5848.jpg,640,640,minibus,215,201,462,454
a-153-_png_jpg.rf.def1ed157940669826d4088056c3923b.jpg,640,640,minibus,118,122,518,556
0BU4DWW4IW97_jpg.rf.df13f1f16659fbf2f2573a5bb67a811a.jpg,640,640,minibus,11,14,606,580
LI29A5EQAYF4_jpg.rf.e020ed1271fc2db196a6243d0556212d.jpg,640,640,minibus,84,152,574,582
4NUQUFR7ZAVL_jpg.rf.dee7b533d5a6a6ebb9a85462644a1c2d.jpg,640,640,minibus,0,140,411,483
WhatsApp-Image-2023-05-06-at-14-26-09-2-_jpeg_jpg.rf.e2c26828349a1cf04aa97d42b70bca64.jpg,640,640,minibus,283,265,461,385
WhatsApp-Image-2023-05-06-at-14-44-20-10-Copy_jpeg_jpg.rf.e1c6efccfdd815869632d585015723d9.jpg,640,640,minibus,232,100,640,411
93J7CJZKKN8F_jpg.rf.df0a7812d223df4466ba75d8083d8957.jpg,640,640,minibus,10,12,640,640
WhatsApp-Video-2023-05-03-at-12-29-37_out0090_jpg.rf.e3250807c14e42538628e6dc913dfcfe.jpg,640,640,minibus,72,5,640,481
WhatsApp-Video-2023-05-05-at-16-45-16_out0022_jpg.rf.e536998e823329342a4ba60104d3b86b.jpg,640,640,minibus,225,115,416,257
93QX8ZO0YK54_jpg.rf.e077d467288a52f0d6471d13e07e13f4.jpg,640,640,minibus,179,164,640,607
a-346-_png_jpg.rf.e0fab899db977653f9293ecf4b28279e.jpg,640,640,minibus,22,135,630,560
Nissan_Vanette_cargo_JPG_jpg.rf.e4505df4440b32f09d15ab04e50bafcf.jpg,640,640,minibus,125,150,541,466
Nissan_Vanette_cargo_JPG_jpg.rf.e4505df4440b32f09d15ab04e50bafcf.jpg,640,640,minibus,116,149,542,485
5BY27DK4ARER_jpg.rf.e0a0c662d9e0c234c9a26e86c8c526af.jpg,640,640,minibus,114,117,506,467
b-103-_png_jpg.rf.de15fe14c58f0dbdc8fa84b1a945a9ac.jpg,640,640,minibus,186,235,508,420
3UKDYM2KN73V_jpg.rf.e49fd2f66c3d37801ee794b9166f0c5e.jpg,640,640,minibus,87,91,536,521
a-169-_png_jpg.rf.e010dfd1ab67119df558c347110dce6c.jpg,640,640,minibus,63,97,609,526
WhatsApp-Video-2023-05-03-at-12-28-55_out0011_jpg.rf.df96414defa5f4dfc9da8aff3f383cf4.jpg,640,640,minibus,158,160,619,447
62X1Y81A3OB9_jpg.rf.e2b3b832ad459bd3b66be30e993fe593.jpg,640,640,minibus,1,18,640,640
352EIEAXOBOQ_jpg.rf.df553b9399f623bbdfcfc7a69795a6f5.jpg,640,640,minibus,24,72,616,587
6OP1KE2INNL8_jpg.rf.e0e9698b6b5383c8fcc60f3c21d52be8.jpg,640,640,minibus,12,91,640,588
P2T1VN8C4M3O_jpg.rf.e5d15ea2804de7dcf2b17291f0fe8cd9.jpg,640,640,minibus,18,111,606,517
WhatsApp-Image-2023-05-06-at-14-35-08-1-_jpeg_jpg.rf.e34baf307f246cd18514f000ccdf48d9.jpg,640,640,minibus,224,185,448,334
0F8ANW8LQ21J_jpg.rf.e63927b3557effb2dec43c25c3485ab8.jpg,640,640,minibus,109,86,640,640
0N2Q3I6ICLTD_jpg.rf.e6516b124ed2cb8e1e7f1227111114ff.jpg,640,640,minibus,0,9,640,640
FYRAVM1K6EJV_jpg.rf.e6b030fc77f5332a1b6986aaa0c5cd11.jpg,640,640,minibus,0,110,572,494
6VB9EKL9NLOP_jpg.rf.e6b051b954f0e4746f23c7b9e367b80e.jpg,640,640,minibus,115,177,640,569
a-190-_png_jpg.rf.e73bd5952da068e18c475793fa448243.jpg,640,640,minibus,86,105,625,500
DWR2E66L6WMN_jpg.rf.e722f21d0ff13289f1540844dba61d85.jpg,640,640,minibus,46,169,547,597
WhatsApp-Video-2023-05-06-at-08-25-26_out0032_jpg.rf.e6ea29654772f5fe78fc1aa67128dbb9.jpg,640,640,minibus,421,214,619,367
a-160-_png_jpg.rf.e79966b37cc0c28e78368faa38293058.jpg,640,640,minibus,53,111,588,509
NJ2II10WY7C8_jpg.rf.e646110a130f97c4534eb9614b4ed075.jpg,640,640,minibus,2,33,640,630
B5SDXW094UMI_jpg.rf.e8e9784d8c7e587ae91cd069872a58b0.jpg,640,640,minibus,215,201,462,454
AUO2D8OVZXEW_jpg.rf.e66c2a4e302fc9afd0c78857cd1e0973.jpg,640,640,minibus,49,163,640,506
BB5KHBJJYC57_jpg.rf.e4cb0f20b40fb1d72550ebf1a2dbe747.jpg,640,640,minibus,8,19,578,613
93QX8ZO0YK54_jpg.rf.e8d7b10cdb19c64891bd6edcc2ec52c3.jpg,640,640,minibus,179,164,640,607
a-287-_png_jpg.rf.ea5b627ee9f98ab7d7719873447c374f.jpg,640,640,minibus,96,143,541,492
a-398-_png_jpg.rf.e852f773e6c20dca70f43203d7535785.jpg,640,640,minibus,75,46,579,518
1K09IFT3VBCX_jpg.rf.eac2ba88d53aeab4840e41673df992ce.jpg,640,640,minibus,105,206,552,567
JGVGBZT0P060_jpg.rf.eb23bf2e0ed1a899c088bdde10151be9.jpg,640,640,minibus,63,84,572,518
CXH8GGTTGL7L_jpg.rf.e998b9a32e5bae39022b5e6af33c34e1.jpg,640,640,minibus,143,212,373,483
a-103-_png_jpg.rf.ea3989c8a8dc2a0bb9283f3f243f726c.jpg,640,640,minibus,76,116,552,519
maxresdefault-1-_jpg.rf.e772cc161d734e5ab56acd70de04be22.jpg,640,640,minibus,137,148,591,564
4ZT40JHRZGTV_jpg.rf.e86573dff0679fab6e8562ef55eef6d2.jpg,640,640,minibus,180,250,640,586
a-185-_png_jpg.rf.e7b58d95c42f21912d412398ba6b8372.jpg,640,640,minibus,68,143,545,476
a-129-_png_jpg.rf.eb3a2d63c0cab5a5258f719bd6ffb48c.jpg,640,640,minibus,45,118,625,512
WhatsApp-Video-2023-05-05-at-16-45-16_out0019_jpg.rf.e8bd910629882eac3f8906e8177e4bc6.jpg,640,640,minibus,179,147,377,282
WhatsApp-Video-2023-05-03-at-12-28-55_out0035_jpg.rf.eb44f8a6cf61164a5a6cede2464c52c6.jpg,640,640,minibus,170,154,607,405
8O0P95HWAL8C_jpg.rf.e923c0ce1025cca494e5626cecb9d95c.jpg,640,640,minibus,112,238,479,550
6LI2QCTJWRWM_jpg.rf.e70eea1988630a2ad25ce3df0510bf89.jpg,640,640,minibus,26,117,634,582
LBNP3KTAUNAE_jpg.rf.e97156ac9bc97c2724123d9b0bdcbd07.jpg,640,640,minibus,47,201,589,590
BHTOT8SGI4SX_jpg.rf.ebc1d013ca872defad4912a33428d511.jpg,640,640,minibus,10,32,640,602
BHTOT8SGI4SX_jpg.rf.ecc8d2cf81244a992d14784ff8a77b32.jpg,640,640,minibus,10,32,640,602
DY6WUQZ7S7LN_jpg.rf.ecefeb2dbdb0d9ab9042e3a3c5b5db2e.jpg,640,640,minibus,4,54,640,476
images-15-_jpg.rf.ed2208713a5cf87d87bfddea4fef677b.jpg,640,640,minibus,194,136,360,451
C4DJNHWBUVED_jpg.rf.ed99315d7d1e81c166b5cbca4afb751d.jpg,640,640,minibus,63,138,579,527
WhatsApp-Image-2023-05-06-at-14-44-20-6-Copy_jpeg_jpg.rf.ed0f984fdd1c10f4cf91a0280ee2c367.jpg,640,640,minibus,237,184,429,343
76KIHVO60PFT_jpg.rf.edf7c3323f74409f5cc2aedccfc17c8a.jpg,640,640,minibus,118,151,557,541
6LI2QCTJWRWM_jpg.rf.ee32276d1f308cbb11de3edf353cccc4.jpg,640,640,minibus,26,117,634,582
WhatsApp-Video-2023-05-06-at-08-25-26_out0092_jpg.rf.f0b26a68a7bd40d4da89289f2f31e7f9.jpg,640,640,minibus,118,54,461,227
WhatsApp-Video-2023-05-05-at-16-45-16_out0008_jpg.rf.ee4cf64d47adf1636243e92eb0b11fbe.jpg,640,640,minibus,230,145,400,269
LTOGCDMUH8RV_jpg.rf.ed8f9ab9713e957f7109c9040865b163.jpg,640,640,minibus,29,24,633,600
0YSXQ1RGMEIV_jpg.rf.ef83046f490617600696eda3655edf64.jpg,640,640,minibus,163,209,608,476
WhatsApp-Image-2023-05-06-at-14-34-53_jpeg_jpg.rf.ef576de9238c3e8e70eb509a2f2e6a21.jpg,640,640,minibus,157,246,348,388
a-117-_png_jpg.rf.eef9d22d95935c72c0fc3a003171dfc4.jpg,640,640,minibus,121,195,519,421
images-13-_jpg.rf.f0856a5554b0da6c6319373bcb9d3688.jpg,640,640,minibus,203,113,605,582
MP46LNIWJSGD_jpg.rf.eff38b65ea9b16dd0e178d90d89e22f7.jpg,640,640,minibus,3,61,451,523
3708_b_jpeg_jpg.rf.f02b0e1eaf310ed82279e9ed79b5b01d.jpg,640,640,minibus,119,82,539,523
WhatsApp-Video-2023-05-03-at-12-29-37_out0086_jpg.rf.efbbe284a3e9cc6e62322ba5b122923d.jpg,640,640,minibus,67,38,640,502
download-2-_jpg.rf.f11987a6dffa91293684ae7a771fc094.jpg,640,640,minibus,118,2,383,609
download-2-_jpg.rf.f11987a6dffa91293684ae7a771fc094.jpg,640,640,minibus,462,262,615,457
WhatsApp-Video-2023-05-05-at-16-45-16_out0019_jpg.rf.efd9de40736cd2fa416136d1334efc85.jpg,640,640,minibus,179,147,377,282
0N2Q3I6ICLTD_jpg.rf.efba2fc1167acfd19f39ca476db4cab3.jpg,640,640,minibus,0,9,640,640
WhatsApp-Image-2023-05-06-at-14-44-20-3-Copy_jpeg_jpg.rf.edbf5e8d4179e831e1ed867b23b3d519.jpg,640,640,minibus,209,167,478,405
KMP146XE1EJ6_jpg.rf.f1758f91ff413c72ad7216e6a44581db.jpg,640,640,minibus,57,72,529,578
a-390-_png_jpg.rf.ee15c6a79f4befb97a4acf817690f66e.jpg,640,640,minibus,37,154,597,444
a-113-_png_jpg.rf.f16a93b3d89d6c47b248a205fd16284e.jpg,640,640,minibus,163,131,521,508
5UVV3N5DB722_jpg.rf.ef6a0e1a6d909c4b70358e8c859ed7fa.jpg,640,640,minibus,31,6,556,608
WhatsApp-Image-2023-05-06-at-14-42-42_jpeg_jpg.rf.f076e9376589816cbf2cacce457bd2c7.jpg,640,640,minibus,188,270,540,472
3IZ8ALPAIHZ2_jpg.rf.ef98df9bbb1eeaab43755dd958d6be71.jpg,640,640,minibus,174,177,510,460
WhatsApp-Image-2023-05-06-at-14-35-09_jpeg_jpg.rf.f185737c7fcc5cd7927c2c4cf05f943f.jpg,640,640,minibus,210,246,512,427
a-159-_png_jpg.rf.f1a47156a3b768f94b0fea53ed9c9586.jpg,640,640,minibus,26,108,631,456
a-36-_png_jpg.rf.f1d4a5d878a186d9d4815c29b3462ca4.jpg,640,640,minibus,49,158,592,555
637592036302885250_jpg.rf.f1d38099be308aea30347a75f7d3b836.jpg,640,640,minibus,168,96,502,493
a-103-_png_jpg.rf.f273f8d66ba7a60511a4c1c18a0a68b1.jpg,640,640,minibus,76,116,552,519
764QCCUIS8EW_jpg.rf.f27a46aad7bdaa9f9d0cbe57a2430051.jpg,640,640,minibus,64,203,569,572
WhatsApp-Image-2023-05-06-at-14-35-01-1-_jpeg_jpg.rf.f22d48d3b8dc808cc1fba241234732d0.jpg,640,640,minibus,247,187,395,279
77MJEV56DKZ8_jpg.rf.f23fd5aa581876357bd35c37f7756d11.jpg,640,640,minibus,49,204,640,598
a-352-_png_jpg.rf.f3510961ad294d5f0863a1a21b1589f7.jpg,640,640,minibus,132,151,508,537
K4NB5ED8TJJM_jpg.rf.f48a2d973a09dba41cb4501b95c719be.jpg,640,640,minibus,0,0,640,616
GISQLG5TE6FN_jpg.rf.f351db81a611187c3acdb41c01cee047.jpg,640,640,minibus,225,472,314,607
8ZF94MAFY2MU_jpg.rf.f528faca33d08d5080961eb19626b9dc.jpg,640,640,minibus,148,152,570,531
44NCOQ7OCXJQ_jpg.rf.f3fba6b5519d886b903a24e02af5cf09.jpg,640,640,minibus,0,121,640,591
a-162-_png_jpg.rf.f2fe20dcde42a3896bee0199b52f521d.jpg,640,640,minibus,1,182,561,537
DRX281ACGXYA_jpg.rf.f52b2cb3eb1190df54e069a8e88618d6.jpg,640,640,minibus,100,131,550,585
DRX281ACGXYA_jpg.rf.f3aab3c4d77c052228f5210d18a6fdc9.jpg,640,640,minibus,100,131,550,585
a-334-_png_jpg.rf.f659b2eaa340e1db52a01fc5d3442baa.jpg,640,640,minibus,96,123,562,509
a-105-_png_jpg.rf.f3cd2d8a9229e1dd51fe30823059e678.jpg,640,640,minibus,69,112,591,516
NJ2II10WY7C8_jpg.rf.f5ada1ccf0752007e5ece9016daf7975.jpg,640,640,minibus,2,33,640,630
G1OG5YP4SLLY_jpg.rf.f3a12cfe722a1d2f8328b7cb07c975b7.jpg,640,640,minibus,113,97,589,583
NOMTUO7SBTFX_jpg.rf.f312522e3381004ae02b7459afd833d1.jpg,640,640,minibus,58,123,579,470
6VB9EKL9NLOP_jpg.rf.f43a17100269e1480e26bfd9ac518dfb.jpg,640,640,minibus,115,177,640,569
a-103-_png_jpg.rf.f6a945c94af6eb113119b0371727f5fe.jpg,640,640,minibus,76,116,552,519
a-47-_png_jpg.rf.f6d7c071ca9c9008b0ed3ccfe914b9e2.jpg,640,640,minibus,41,169,612,470
a-320-_png_jpg.rf.f6063c863591062946dfe2079c0cdf76.jpg,640,640,minibus,49,99,611,515
AADZ4GI5IRIK_jpg.rf.f66b56a62244be7dd1f476909459aa6e.jpg,640,640,minibus,38,166,540,456
a-177-_png_jpg.rf.f7b1878e1a19e127025d6325bc4adbaf.jpg,640,640,minibus,51,130,611,515
6M7KH07DFKCR_jpg.rf.f777a6ca74408a67e71d924c49a6a7d9.jpg,640,640,minibus,161,166,608,524
1Q2HOZA4D5V9_jpg.rf.f28226b7582637e33714ec5517adc0c4.jpg,640,640,minibus,63,2,640,640
AADZ4GI5IRIK_jpg.rf.f6dd0808762b31d04bbb67269713b931.jpg,640,640,minibus,38,166,540,456
WhatsApp-Video-2023-05-06-at-08-25-26_out0003_jpg.rf.f8388c547b1050b72ec69397ecd989e9.jpg,640,640,minibus,142,0,337,135
a-202-_png_jpg.rf.f884dddfba09d2479f6836d9709d2976.jpg,640,640,minibus,36,92,511,546
WhatsApp-Image-2023-05-06-at-14-25-39_jpeg_jpg.rf.f4077ae17d0c0f6c274b9b9a357bdb19.jpg,640,640,minibus,177,306,240,381
a-79-_png_jpg.rf.f7ad695788d40207b67a15be2ee7a887.jpg,640,640,minibus,19,199,611,491